94274,20120801,0053,12,CLR, ,10.00, , , ,55, ,12.8, ,52, ,11.3, ,50, ,10.0, , 83, , 3, ,330, , , ,29.84, ,0, ,001, ,30.17, ,AA, , , ,30.18, 
94274,20120801,0153,12,CLR, ,10.00, , , ,54, ,12.2, ,52, ,11.0, ,50, ,10.0, , 86, , 0, ,000, , , ,29.84, , , , , ,30.17, ,AA, , , ,30.18, 
94274,20120801,0253,12,CLR, ,10.00, , , ,54, ,12.2, ,52, ,11.0, ,50, ,10.0, , 86, , 3, ,290, , , ,29.85, , , , , ,30.18, ,AA, , , ,30.19, 
94274,20120801,0353,12,CLR, ,10.00, , , ,53, ,11.7, ,51, ,10.7, ,50, ,10.0, , 90, , 0, ,000, , , ,29.85, ,3, ,004, ,30.18, ,AA, , , ,30.19, 
94274,20120801,0453,12,CLR, , 9.00, , , ,52, ,11.1, ,51, ,10.5, ,50, ,10.0, , 93, , 0, ,000, , , ,29.86, , , , , ,30.20, ,AA, , , ,30.20, 
94274,20120801,0553,12,CLR, , 8.00, , , ,53, ,11.7, ,52, ,11.0, ,51, ,10.6, , 93, , 0, ,000, , , ,29.87, , , , , ,30.20, ,AA, , , ,30.21, 
94274,20120801,0653,12,CLR, ,10.00, , , ,55, ,12.8, ,53, ,11.8, ,52, ,11.1, , 90, , 3, ,170, , , ,29.88, ,3, ,010, ,30.21, ,AA, , , ,30.22, 
94274,20120801,0656,12,SCT008, ,10.00, , , ,55, ,13.0, ,53, ,11.8, ,52, ,11.0, , 90, , 5, ,170, , , ,29.88, , , , , ,M, ,SP, , , ,30.22, 
94274,20120801,0753,12,SCT008, ,10.00, , , ,57, ,13.9, ,54, ,12.3, ,52, ,11.1, , 83, , 5, ,160, , , ,29.89, , , , , ,30.22, ,AA, , , ,30.23, 
94274,20120801,0853,12,SCT008, ,10.00, , , ,59, ,15.0, ,55, ,12.8, ,52, ,11.1, , 78, , 5, ,170, , , ,29.89, , , , , ,30.23, ,AA, , , ,30.23, 
94274,20120801,0953,12,SCT015, ,10.00, , , ,60, ,15.6, ,56, ,13.1, ,52, ,11.1, , 75, , 7, ,170, , , ,29.88, ,0, ,002, ,30.22, ,AA, , , ,30.22, 
94274,20120801,1053,12,CLR, ,10.00, , , ,62, ,16.7, ,57, ,13.8, ,53, ,11.7, , 73, , 7, ,170, , , ,29.89, , , , , ,30.22, ,AA, , , ,30.23, 
94274,20120801,1153,12,CLR, ,10.00, , , ,65, ,18.3, ,58, ,14.5, ,53, ,11.7, , 65, , 0, ,000, , , ,29.88, , , , , ,30.22, ,AA, , , ,30.22, 
94274,20120801,1253,12,CLR, ,10.00, , , ,68, ,20.0, ,60, ,15.5, ,54, ,12.2, , 61, , 5, ,VR , , , ,29.88, ,8, ,003, ,30.21, ,AA, , , ,30.22, 
94274,20120801,1353,12,CLR, ,10.00, , , ,71, ,21.7, ,61, ,16.1, ,54, ,12.2, , 55, , 6, ,290, , , ,29.87, , , , , ,30.20, ,AA, , , ,30.21, 
94274,20120801,1453,12,CLR, ,10.00, , , ,72, ,22.2, ,62, ,16.6, ,55, ,12.8, , 55, , 7, ,280, , , ,29.85, , , , , ,30.19, ,AA, , , ,30.19, 
94274,20120801,1553,12,CLR, ,10.00, , , ,72, ,22.2, ,62, ,16.3, ,54, ,12.2, , 53, , 7, ,280, , , ,29.84, ,8, ,013, ,30.17, ,AA, , , ,30.18, 
94274,20120801,1653,12,CLR, ,10.00, , , ,72, ,22.2, ,62, ,16.3, ,54, ,12.2, , 53, , 5, ,260, , , ,29.83, , , , , ,30.16, ,AA, , , ,30.17, 
94274,20120801,1753,12,CLR, ,10.00, , , ,72, ,22.2, ,62, ,16.3, ,54, ,12.2, , 53, , 5, ,240, , , ,29.82, , , , , ,30.15, ,AA, , , ,30.16, 
94274,20120801,1853,12,CLR, ,10.00, , , ,69, ,20.6, ,60, ,15.7, ,54, ,12.2, , 59, , 6, ,220, , , ,29.82, ,6, ,008, ,30.15, ,AA, , , ,30.16, 
94274,20120801,1953,12,CLR, ,10.00, , , ,64, ,17.8, ,58, ,14.3, ,53, ,11.7, , 68, , 3, ,230, , , ,29.82, , , , , ,30.16, ,AA, , , ,30.16, 
94274,20120801,2053,12,CLR, ,10.00, , , ,61, ,16.1, ,56, ,13.0, ,51, ,10.6, , 70, , 3, ,260, , , ,29.84, , , , , ,30.17, ,AA, , , ,30.18, 
94274,20120801,2153,12,CLR, ,10.00, , , ,58, ,14.4, ,54, ,12.3, ,51, ,10.6, , 78, , 7, ,250, , , ,29.84, ,2, ,009, ,30.18, ,AA, , , ,30.18, 
94274,20120801,2253,12,CLR, ,10.00, , , ,57, ,13.9, ,53, ,11.8, ,50, ,10.0, , 78, , 5, ,260, , , ,29.84, , , , , ,30.18, ,AA, , , ,30.18, 
94274,20120801,2353,12,CLR, ,10.00, , , ,55, ,12.8, ,52, ,11.3, ,50, ,10.0, , 83, , 3, ,250, , , ,29.85, , , , , ,30.18, ,AA, , , ,30.19, 
94274,20120802,0053,12,CLR, ,10.00, , , ,54, ,12.2, ,51, ,10.7, ,49, ,9.4, , 83, , 0, ,000, , , ,29.85, ,2, ,000, ,30.18, ,AA, , , ,30.19, 
94274,20120802,0153,12,FEW060, ,10.00, , , ,53, ,11.7, ,51, ,10.7, ,50, ,10.0, , 90, , 0, ,000, , , ,29.84, , , , , ,30.17, ,AA, , , ,30.18, 
94274,20120802,0253,12,CLR, ,10.00, , , ,53, ,11.7, ,51, ,10.7, ,50, ,10.0, , 90, , 0, ,000, , , ,29.84, , , , , ,30.17, ,AA, , , ,30.18, 
94274,20120802,0335,12,BKN011 BKN120, ,10.00, , , ,52, ,11.0, ,50, ,9.9, ,48, ,9.0, , 86, , 0, ,000, , , ,29.84, , , , , ,M, ,SP, , , ,30.18, 
94274,20120802,0353,12,OVC011, ,10.00, , , ,53, ,11.7, ,51, ,10.7, ,50, ,10.0, , 90, , 0, ,000, , , ,29.84, ,5, ,001, ,30.18, ,AA, , , ,30.18, 
94274,20120802,0419,12,OVC009, , 9.00, , , ,52, ,11.0, ,51, ,10.5, ,50, ,10.0, , 93, , 3, ,170, , , ,29.84, , , , , ,M, ,SP, , , ,30.18, 
94274,20120802,0453,12,OVC009, , 9.00, , , ,53, ,11.7, ,51, ,10.7, ,50, ,10.0, , 90, , 3, ,180, , , ,29.85, , , , , ,30.18, ,AA, , , ,30.19, 
94274,20120802,0553,12,OVC009, ,10.00, , , ,54, ,12.2, ,52, ,11.0, ,50, ,10.0, , 86, , 0, ,000, , , ,29.85, , , , , ,30.18, ,AA, , , ,30.19, 
94274,20120802,0651,12,SCT009 OVC010, ,10.00, , , ,55, ,13.0, ,52, ,11.3, ,50, ,10.0, , 83, , 0, ,000, , , ,29.86, , , , , ,M, ,SP, , , ,30.20, 
94274,20120802,0653,12,SCT009 OVC010, ,10.00, , , ,55, ,12.8, ,52, ,11.3, ,50, ,10.0, , 83, , 3, ,270, , , ,29.86, ,1, ,005, ,30.19, ,AA, , , ,30.20, 
94274,20120802,0753,12,OVC010, ,10.00, , , ,55, ,12.8, ,52, ,11.3, ,50, ,10.0, , 83, , 3, ,180, , , ,29.87, , , , , ,30.21, ,AA, , , ,30.21, 
94274,20120802,0853,12,BKN012 BKN090, ,10.00, , , ,57, ,13.9, ,53, ,11.8, ,50, ,10.0, , 78, , 3, ,160, , , ,29.87, , , , , ,30.21, ,AA, , , ,30.21, 
94274,20120802,0951,12,SCT019 SCT044 BKN090, ,10.00, , , ,61, ,16.0, ,56, ,13.3, ,52, ,11.0, , 72, , 6, ,190, , , ,29.86, , , , , ,M, ,SP, , , ,30.20, 
94274,20120802,0953,12,SCT019 SCT044 BKN090, ,10.00, , , ,60, ,15.6, ,55, ,12.8, ,51, ,10.6, , 72, , 7, ,190, , , ,29.86, ,8, ,000, ,30.20, ,AA, , , ,30.20, 
94274,20120802,1053,12,FEW090, ,10.00, , , ,64, ,17.8, ,57, ,14.0, ,52, ,11.1, , 65, , 3, ,270, , , ,29.86, , , , , ,30.19, ,AA, , , ,30.20, 
94274,20120802,1153,12,FEW070, ,10.00, , , ,65, ,18.3, ,58, ,14.3, ,52, ,11.1, , 63, , 6, ,270, , , ,29.85, , , , , ,30.18, ,AA, , , ,30.19, 
94274,20120802,1253,12,SCT044 SCT090, ,10.00, , , ,70, ,21.1, ,60, ,15.6, ,53, ,11.7, , 55, , 5, ,300, , , ,29.84, ,7, ,005, ,30.18, ,AA, , , ,30.18, 
94274,20120802,1353,12,SCT050 BKN060, ,10.00, , , ,69, ,20.6, ,60, ,15.4, ,53, ,11.7, , 57, , 3, ,220, , , ,29.84, , , , , ,30.17, ,AA, , , ,30.18, 
94274,20120802,1453,12,SCT050 SCT070, ,10.00, , , ,69, ,20.6, ,60, ,15.4, ,53, ,11.7, , 57, , 5, ,150, , , ,29.82, , , , , ,30.16, ,AA, , , ,30.16, 
94274,20120802,1553,12,SCT070, ,10.00, , , ,69, ,20.6, ,60, ,15.7, ,54, ,12.2, , 59, , 6, ,010, , , ,29.81, ,8, ,012, ,30.14, ,AA, , , ,30.15, 
94274,20120802,1653,12,BKN070, ,10.00, , , ,70, ,21.1, ,61, ,16.2, ,55, ,12.8, , 59, , 0, ,000, , , ,29.79, , , , , ,30.12, ,AA, , , ,30.13, 
94274,20120802,1753,12,FEW070, ,10.00, , , ,71, ,21.7, ,62, ,16.4, ,55, ,12.8, , 57, , 0, ,000, , , ,29.78, , , , , ,30.11, ,AA, , , ,30.12, 
94274,20120802,1853,12,CLR, ,10.00, , , ,70, ,21.1, ,61, ,16.2, ,55, ,12.8, , 59, , 0, ,000, , , ,29.77, ,6, ,011, ,30.11, ,AA, , , ,30.11, 
94274,20120802,1953,12,CLR, ,10.00, , , ,67, ,19.4, ,60, ,15.5, ,55, ,12.8, , 66, , 0, ,000, , , ,29.78, , , , , ,30.11, ,AA, , , ,30.12, 
94274,20120802,2053,12,CLR, ,10.00, , , ,64, ,17.8, ,59, ,14.9, ,55, ,12.8, , 73, , 3, ,320, , , ,29.78, , , , , ,30.12, ,AA, , , ,30.12, 
94274,20120802,2153,12,CLR, ,10.00, , , ,62, ,16.7, ,58, ,14.1, ,54, ,12.2, , 75, , 0, ,000, , , ,29.79, ,1, ,003, ,30.12, ,AA, , , ,30.13, 
94274,20120802,2253,12,CLR, ,10.00, , , ,60, ,15.6, ,57, ,13.6, ,54, ,12.2, , 81, , 6, ,340, , , ,29.79, , , , , ,30.12, ,AA, , , ,30.13, 
94274,20120802,2353,12,CLR, ,10.00, , , ,59, ,15.0, ,56, ,13.4, ,54, ,12.2, , 84, , 0, ,000, , , ,29.78, , , , , ,30.12, ,AA, , , ,30.12, 
94274,20120803,0053,12,CLR, ,10.00, , , ,58, ,14.4, ,56, ,13.2, ,54, ,12.2, , 87, , 0, ,000, , , ,29.78, ,8, ,002, ,30.11, ,AA, , , ,30.12, 
94274,20120803,0153,12,CLR, ,10.00, , , ,56, ,13.3, ,54, ,12.4, ,53, ,11.7, , 90, , 0, ,000, , , ,29.78, , , , , ,30.12, ,AA, , , ,30.12, 
94274,20120803,0253,12,CLR, , 9.00, , , ,55, ,12.8, ,54, ,12.1, ,53, ,11.7, , 93, , 0, ,000, , , ,29.77, , , , , ,30.11, ,AA, , , ,30.11, 
94274,20120803,0353,12,CLR, , 8.00, , , ,55, ,12.8, ,54, ,12.1, ,53, ,11.7, , 93, , 0, ,000, , , ,29.78, ,5, ,001, ,30.11, ,AA, , , ,30.12, 
94274,20120803,0424,12,FEW004, , 7.00, , , ,54, ,12.0, ,53, ,11.6, ,52, ,11.0, , 93, , 0, ,000, , , ,29.78, , , , , ,M, ,SP, , , ,30.12, 
94274,20120803,0445,12,BKN004, , 7.00, , , ,55, ,13.0, ,54, ,12.4, ,54, ,12.0, , 96, , 0, ,000, , , ,29.78, , , , , ,M, ,SP, , , ,30.12, 
94274,20120803,0453,12,BKN004, , 7.00, , , ,55, ,12.8, ,54, ,12.1, ,53, ,11.7, , 93, , 0, ,000, , , ,29.79, , , , , ,30.12, ,AA, , , ,30.13, 
94274,20120803,0553,12,OVC004, , 5.00, ,BR, ,55, ,12.8, ,54, ,12.1, ,53, ,11.7, , 93, , 0, ,000, , , ,29.79, , , , , ,30.12, ,AA, , , ,30.13, 
94274,20120803,0623,12,SCT004, , 8.00, , , ,57, ,14.0, ,55, ,12.9, ,54, ,12.0, , 90, , 0, ,000, , , ,29.79, , , , , ,M, ,SP, , , ,30.13, 
94274,20120803,0653,12,SCT008, , 9.00, , , ,58, ,14.4, ,55, ,12.9, ,53, ,11.7, , 84, , 5, ,VR , , , ,29.80, ,3, ,008, ,30.14, ,AA, , , ,30.14, 
94274,20120803,0753,12,FEW008, ,10.00, , , ,60, ,15.6, ,56, ,13.4, ,53, ,11.7, , 78, , 6, ,020, , , ,29.80, , , , , ,30.13, ,AA, , , ,30.14, 
94274,20120803,0853,12,CLR, ,10.00, , , ,62, ,16.7, ,57, ,13.8, ,53, ,11.7, , 73, , 8, ,010, , , ,29.79, , , , , ,30.13, ,AA, , , ,30.13, 
94274,20120803,0953,12,CLR, ,10.00, , , ,64, ,17.8, ,58, ,14.6, ,54, ,12.2, , 70, , 7, ,010, , , ,29.79, ,7, ,004, ,30.12, ,AA, , , ,30.13, 
94274,20120803,1053,12,CLR, ,10.00, , , ,68, ,20.0, ,60, ,15.5, ,54, ,12.2, , 61, , 8, ,020, , , ,29.78, , , , , ,30.11, ,AA, , , ,30.12, 
94274,20120803,1153,12,CLR, ,10.00, , , ,70, ,21.1, ,61, ,15.9, ,54, ,12.2, , 57, ,11, ,010, , , ,29.76, , , , , ,30.09, ,AA, , , ,30.10, 
94274,20120803,1253,12,CLR, ,10.00, , , ,73, ,22.8, ,62, ,16.5, ,54, ,12.2, , 52, ,13, ,010, ,20, ,29.74, ,8, ,017, ,30.07, ,AA, , , ,30.08, 
94274,20120803,1353,12,CLR, ,10.00, , , ,75, ,23.9, ,63, ,17.0, ,54, ,12.2, , 48, ,14, ,010, ,20, ,29.72, , , , , ,30.05, ,AA, , , ,30.06, 
94274,20120803,1453,12,CLR, ,10.00, , , ,76, ,24.4, ,63, ,17.4, ,55, ,12.8, , 48, , 9, ,360, , , ,29.70, , , , , ,30.03, ,AA, , , ,30.04, 
94274,20120803,1553,12,CLR, ,10.00, , , ,76, ,24.4, ,63, ,17.4, ,55, ,12.8, , 48, ,11, ,010, , , ,29.68, ,8, ,020, ,30.01, ,AA, , , ,30.02, 
94274,20120803,1653,12,CLR, ,10.00, , , ,75, ,23.9, ,63, ,17.2, ,55, ,12.8, , 50, ,11, ,360, , , ,29.67, , , , , ,30.00, ,AA, , , ,30.01, 
94274,20120803,1753,12,CLR, ,10.00, , , ,75, ,23.9, ,63, ,17.2, ,55, ,12.8, , 50, ,13, ,360, , , ,29.66, , , , , ,29.99, ,AA, , , ,30.00, 
94274,20120803,1853,12,CLR, ,10.00, , , ,73, ,22.8, ,62, ,16.5, ,54, ,12.2, , 52, , 7, ,010, , , ,29.65, ,6, ,010, ,29.98, ,AA, , , ,29.99, 
94274,20120803,1953,12,CLR, ,10.00, , , ,72, ,22.2, ,61, ,16.1, ,53, ,11.7, , 51, , 8, ,010, , , ,29.65, , , , , ,29.98, ,AA, , , ,29.99, 
94274,20120803,2053,12,CLR, ,10.00, , , ,70, ,21.1, ,61, ,16.2, ,55, ,12.8, , 59, , 5, ,020, , , ,29.65, , , , , ,29.98, ,AA, , , ,29.99, 
94274,20120803,2153,12,CLR, ,10.00, , , ,70, ,21.1, ,61, ,16.2, ,55, ,12.8, , 59, , 5, ,030, , , ,29.65, ,6, ,001, ,29.98, ,AA, , , ,29.99, 
94274,20120803,2253,12,CLR, ,10.00, , , ,69, ,20.6, ,60, ,15.7, ,54, ,12.2, , 59, , 6, ,030, , , ,29.63, , , , , ,29.96, ,AA, , , ,29.97, 
94274,20120803,2353,12,CLR, ,10.00, , , ,68, ,20.0, ,60, ,15.5, ,54, ,12.2, , 61, , 5, ,030, , , ,29.63, , , , , ,29.96, ,AA, , , ,29.97, 
94274,20120804,0053,12,CLR, ,10.00, , , ,63, ,17.2, ,58, ,14.3, ,54, ,12.2, , 73, , 0, ,000, , , ,29.63, ,6, ,005, ,29.96, ,AA, , , ,29.97, 
94274,20120804,0153,12,CLR, ,10.00, , , ,63, ,17.2, ,58, ,14.3, ,54, ,12.2, , 73, , 3, ,030, , , ,29.62, , , , , ,29.95, ,AA, , , ,29.96, 
94274,20120804,0253,12,CLR, ,10.00, , , ,66, ,18.9, ,59, ,14.7, ,53, ,11.7, , 63, ,10, ,030, ,16, ,29.62, , , , , ,29.94, ,AA, , , ,29.96, 
94274,20120804,0353,12,CLR, ,10.00, , , ,61, ,16.1, ,57, ,13.6, ,53, ,11.7, , 75, , 0, ,000, , , ,29.61, ,6, ,007, ,29.94, ,AA, , , ,29.95, 
94274,20120804,0453,12,CLR, ,10.00, , , ,61, ,16.1, ,57, ,13.6, ,53, ,11.7, , 75, , 0, ,000, , , ,29.61, , , , , ,29.93, ,AA, , , ,29.95, 
94274,20120804,0553,12,CLR, ,10.00, , , ,61, ,16.1, ,57, ,13.9, ,54, ,12.2, , 78, , 0, ,000, , , ,29.61, , , , , ,29.94, ,AA, , , ,29.95, 
94274,20120804,0653,12,CLR, ,10.00, , , ,65, ,18.3, ,59, ,15.1, ,55, ,12.8, , 70, , 5, ,030, , , ,29.61, ,3, ,001, ,29.94, ,AA, , , ,29.95, 
94274,20120804,0753,12,CLR, ,10.00, , , ,68, ,20.0, ,M, ,M, ,54, ,12.0, ,M, , 8, ,010, , , ,M, , , , , ,29.94, ,AA, , , ,29.95, 
94274,20120804,0754,12,CLR, ,10.00, , , ,68, ,20.0, ,60, ,15.5, ,54, ,12.2, , 61, , 8, ,010, , , ,29.61, , , , , ,29.94, ,AA, , , ,29.95, 
94274,20120804,0853,12,CLR, ,10.00, , , ,72, ,22.2, ,62, ,16.6, ,55, ,12.8, , 55, , 9, ,020, , , ,29.62, , , , , ,29.94, ,AA, , , ,29.96, 
94274,20120804,0953,12,CLR, ,10.00, , , ,74, ,23.3, ,63, ,17.3, ,56, ,13.3, , 54, ,10, ,360, ,17, ,29.62, ,0, ,001, ,29.94, ,AA, , , ,29.96, 
94274,20120804,1053,12,CLR, ,10.00, , , ,78, ,25.6, ,65, ,18.1, ,56, ,13.3, , 47, ,13, ,010, , , ,29.60, , , , , ,29.93, ,AA, , , ,29.94, 
94274,20120804,1153,12,CLR, ,10.00, , , ,81, ,27.2, ,67, ,19.2, ,58, ,14.4, , 46, , 6, ,350, , , ,29.59, , , , , ,29.92, ,AA, , , ,29.93, 
94274,20120804,1253,12,CLR, ,10.00, , , ,83, ,28.3, ,66, ,18.8, ,55, ,12.8, , 38, ,10, ,020, , , ,29.58, ,6, ,013, ,29.91, ,AA, , , ,29.92, 
94274,20120804,1353,12,CLR, ,10.00, , , ,86, ,30.0, ,67, ,19.3, ,55, ,12.8, , 35, , 7, ,VR , , , ,29.56, , , , , ,29.89, ,AA, , , ,29.90, 
94274,20120804,1453,12,CLR, ,10.00, , , ,85, ,29.4, ,68, ,19.7, ,57, ,13.9, , 39, , 9, ,010, , , ,29.54, , , , , ,29.87, ,AA, , , ,29.88, 
94274,20120804,1553,12,CLR, ,10.00, , , ,86, ,30.0, ,68, ,19.9, ,57, ,13.9, , 37, , 6, ,010, , , ,29.53, ,6, ,015, ,29.86, ,AA, , , ,29.87, 
94274,20120804,1653,12,CLR, ,10.00, , , ,86, ,30.0, ,68, ,19.9, ,57, ,13.9, , 37, , 6, ,010, , , ,29.52, , , , , ,29.85, ,AA, , , ,29.86, 
94274,20120804,1753,12,CLR, ,10.00, , , ,84, ,28.9, ,67, ,19.5, ,57, ,13.9, , 40, , 9, ,020, , , ,29.50, , , , , ,29.83, ,AA, , , ,29.84, 
94274,20120804,1853,12,CLR, ,10.00, , , ,83, ,28.3, ,67, ,19.6, ,58, ,14.4, , 43, , 8, ,010, , , ,29.50, ,6, ,012, ,29.83, ,AA, , , ,29.84, 
94274,20120804,1953,12,CLR, ,10.00, , , ,79, ,26.1, ,66, ,18.9, ,58, ,14.4, , 49, , 9, ,020, , , ,29.50, , , , , ,29.83, ,AA, , , ,29.84, 
94274,20120804,2053,12,CLR, ,10.00, , , ,76, ,24.4, ,64, ,18.0, ,57, ,13.9, , 52, , 0, ,000, , , ,29.52, , , , , ,29.84, ,AA, , , ,29.86, 
94274,20120804,2153,12,CLR, ,10.00, , , ,75, ,23.9, ,64, ,17.5, ,56, ,13.3, , 52, , 0, ,000, , , ,29.52, ,3, ,009, ,29.85, ,AA, , , ,29.86, 
94274,20120804,2253,12,CLR, ,10.00, , , ,74, ,23.3, ,63, ,17.3, ,56, ,13.3, , 54, , 0, ,000, , , ,29.53, , , , , ,29.85, ,AA, , , ,29.87, 
94274,20120804,2353,12,CLR, ,10.00, , , ,72, ,22.2, ,63, ,17.2, ,57, ,13.9, , 59, , 3, ,340, , , ,29.53, , , , , ,29.85, ,AA, , , ,29.87, 
94274,20120805,0053,12,CLR, ,10.00, , , ,69, ,20.6, ,62, ,16.6, ,57, ,13.9, , 66, , 0, ,000, , , ,29.53, ,3, ,004, ,29.86, ,AA, , , ,29.87, 
94274,20120805,0153,12,CLR, ,10.00, , , ,67, ,19.4, ,61, ,15.8, ,56, ,13.3, , 68, , 0, ,000, , , ,29.54, , , , , ,29.86, ,AA, , , ,29.88, 
94274,20120805,0253,12,CLR, ,10.00, , , ,65, ,18.3, ,60, ,15.4, ,56, ,13.3, , 73, , 0, ,000, , , ,29.55, , , , , ,29.87, ,AA, , , ,29.89, 
94274,20120805,0353,12,CLR, ,10.00, , , ,64, ,17.8, ,60, ,15.8, ,58, ,14.4, , 81, , 0, ,000, , , ,29.55, ,1, ,004, ,29.87, ,AA, , , ,29.89, 
94274,20120805,0453,12,CLR, ,10.00, , , ,65, ,18.3, ,60, ,15.7, ,57, ,13.9, , 75, , 0, ,000, , , ,29.55, , , , , ,29.88, ,AA, , , ,29.89, 
94274,20120805,0553,12,CLR, ,10.00, , , ,65, ,18.3, ,61, ,16.0, ,58, ,14.4, , 78, , 0, ,000, , , ,29.57, , , , , ,29.89, ,AA, , , ,29.91, 
94274,20120805,0653,12,CLR, ,10.00, , , ,69, ,20.6, ,63, ,17.2, ,59, ,15.0, , 71, , 0, ,000, , , ,29.58, ,3, ,012, ,29.91, ,AA, , , ,29.92, 
94274,20120805,0753,12,CLR, ,10.00, , , ,72, ,22.2, ,64, ,17.5, ,58, ,14.4, , 62, , 0, ,000, , , ,29.59, , , , , ,29.92, ,AA, , , ,29.93, 
94274,20120805,0853,12,CLR, ,10.00, , , ,75, ,23.9, ,66, ,18.7, ,60, ,15.6, , 60, , 0, ,000, , , ,29.59, , , , , ,29.91, ,AA, , , ,29.93, 
94274,20120805,0953,12,CLR, ,10.00, , , ,79, ,26.1, ,66, ,18.6, ,57, ,13.9, , 47, , 7, ,030, , , ,29.60, ,2, ,004, ,29.92, ,AA, , , ,29.94, 
94274,20120805,1053,12,CLR, ,10.00, , , ,80, ,26.7, ,67, ,19.3, ,59, ,15.0, , 49, , 3, ,VR , , , ,29.60, , , , , ,29.92, ,AA, , , ,29.94, 
94274,20120805,1153,12,CLR, ,10.00, , , ,85, ,29.4, ,69, ,20.2, ,59, ,15.0, , 41, , 3, ,280, , , ,29.59, , , , , ,29.91, ,AA, , , ,29.93, 
94274,20120805,1253,12,CLR, ,10.00, , , ,86, ,30.0, ,69, ,20.7, ,60, ,15.6, , 42, , 3, ,300, , , ,29.58, ,8, ,005, ,29.91, ,AA, , , ,29.92, 
94274,20120805,1353,12,CLR, ,10.00, , , ,89, ,31.7, ,70, ,21.2, ,60, ,15.6, , 38, , 5, ,VR , , , ,29.58, , , , , ,29.90, ,AA, , , ,29.92, 
94274,20120805,1453,12,CLR, ,10.00, , , ,88, ,31.1, ,69, ,20.8, ,59, ,15.0, , 38, , 8, ,150, , , ,29.57, , , , , ,29.90, ,AA, , , ,29.91, 
94274,20120805,1553,12,CLR, ,10.00, , , ,91, ,32.8, ,71, ,21.8, ,61, ,16.1, , 37, , 6, ,VR , , , ,29.57, ,8, ,004, ,29.89, ,AA, , , ,29.91, 
94274,20120805,1653,12,CLR, ,10.00, , , ,90, ,32.2, ,71, ,21.7, ,61, ,16.1, , 38, , 6, ,VR , , , ,29.57, , , , , ,29.90, ,AA, , , ,29.91, 
94274,20120805,1753,12,CLR, ,10.00, , , ,85, ,29.4, ,70, ,20.8, ,61, ,16.1, , 45, , 6, ,250, , , ,29.57, , , , , ,29.90, ,AA, , , ,29.91, 
94274,20120805,1853,12,CLR, ,10.00, , , ,79, ,26.1, ,67, ,19.2, ,59, ,15.0, , 50, , 7, ,260, , , ,29.59, ,3, ,006, ,29.91, ,AA, , , ,29.93, 
94274,20120805,1953,12,CLR, ,10.00, , , ,74, ,23.3, ,63, ,17.3, ,56, ,13.3, , 54, , 7, ,250, , , ,29.61, , , , , ,29.93, ,AA, , , ,29.95, 
94274,20120805,2053,12,CLR, ,10.00, , , ,72, ,22.2, ,61, ,16.3, ,54, ,12.2, , 53, , 7, ,280, , , ,29.63, , , , , ,29.96, ,AA, , , ,29.97, 
94274,20120805,2153,12,CLR, ,10.00, , , ,70, ,21.1, ,60, ,15.4, ,52, ,11.1, , 53, , 3, ,250, , , ,29.65, ,1, ,020, ,29.97, ,AA, , , ,29.99, 
94274,20120805,2253,12,CLR, ,10.00, , , ,68, ,20.0, ,60, ,15.8, ,55, ,12.8, , 63, , 6, ,220, , , ,29.66, , , , , ,29.98, ,AA, , , ,30.00, 
94274,20120805,2353,12,CLR, ,10.00, , , ,65, ,18.3, ,60, ,15.4, ,56, ,13.3, , 73, , 7, ,250, , , ,29.68, , , , , ,30.01, ,AA, , , ,30.02, 
94274,20120806,0053,12,CLR, ,10.00, , , ,61, ,16.1, ,58, ,14.5, ,56, ,13.3, , 84, , 5, ,220, , , ,29.70, ,1, ,017, ,30.02, ,AA, , , ,30.04, 
94274,20120806,0153,12,CLR, , 9.00, , , ,61, ,16.1, ,58, ,14.5, ,56, ,13.3, , 84, , 3, ,220, , , ,29.70, , , , , ,30.02, ,AA, , , ,30.04, 
94274,20120806,0253,12,CLR, , 9.00, , , ,60, ,15.6, ,58, ,14.2, ,56, ,13.3, , 87, , 0, ,000, , , ,29.70, , , , , ,30.02, ,AA, , , ,30.04, 
94274,20120806,0353,12,CLR, , 9.00, , , ,59, ,15.0, ,57, ,14.0, ,56, ,13.3, , 90, , 3, ,210, , , ,29.71, ,3, ,004, ,30.03, ,AA, , , ,30.05, 
94274,20120806,0453,12,CLR, , 9.00, , , ,60, ,15.6, ,58, ,14.2, ,56, ,13.3, , 87, , 5, ,220, , , ,29.72, , , , , ,30.05, ,AA, , , ,30.06, 
94274,20120806,0553,12,CLR, ,10.00, , , ,61, ,16.1, ,58, ,14.5, ,56, ,13.3, , 84, , 5, ,220, , , ,29.74, , , , , ,30.07, ,AA, , , ,30.08, 
94274,20120806,0653,12,FEW012, ,10.00, , , ,62, ,16.7, ,59, ,14.7, ,56, ,13.3, , 81, , 3, ,210, , , ,29.75, ,1, ,012, ,30.07, ,AA, , , ,30.09, 
94274,20120806,0753,12,FEW012, ,10.00, , , ,62, ,16.7, ,59, ,14.7, ,56, ,13.3, , 81, , 5, ,230, , , ,29.75, , , , , ,30.08, ,AA, , , ,30.09, 
94274,20120806,0853,12,FEW110, ,10.00, , , ,61, ,16.1, ,58, ,14.5, ,56, ,13.3, , 84, , 3, ,170, , , ,29.76, , , , , ,30.09, ,AA, , , ,30.10, 
94274,20120806,0953,12,SCT100 BKN120, ,10.00, , , ,63, ,17.2, ,59, ,14.9, ,56, ,13.3, , 78, , 3, ,230, , , ,29.76, ,0, ,004, ,30.09, ,AA, , , ,30.10, 
94274,20120806,1053,12,CLR, ,10.00, , , ,67, ,19.4, ,61, ,16.1, ,57, ,13.9, , 70, , 6, ,210, , , ,29.76, , , , , ,30.09, ,AA, , , ,30.10, 
94274,20120806,1153,12,CLR, ,10.00, , , ,71, ,21.7, ,63, ,17.3, ,58, ,14.4, , 64, , 6, ,VR , , , ,29.76, , , , , ,30.09, ,AA, , , ,30.10, 
94274,20120806,1253,12,CLR, ,10.00, , , ,75, ,23.9, ,65, ,18.4, ,59, ,15.0, , 58, , 6, ,220, , , ,29.76, ,0, ,001, ,30.09, ,AA, , , ,30.10, 
94274,20120806,1353,12,CLR, ,10.00, , , ,77, ,25.0, ,66, ,18.8, ,59, ,15.0, , 54, , 5, ,240, , , ,29.75, , , , , ,30.08, ,AA, , , ,30.09, 
94274,20120806,1453,12,CLR, ,10.00, , , ,81, ,27.2, ,67, ,19.2, ,58, ,14.4, , 46, , 6, ,240, , , ,29.74, , , , , ,30.07, ,AA, , , ,30.08, 
94274,20120806,1553,12,CLR, ,10.00, , , ,80, ,26.7, ,66, ,19.1, ,58, ,14.4, , 47, , 7, ,250, , , ,29.72, ,8, ,012, ,30.06, ,AA, , , ,30.06, 
94274,20120806,1653,12,CLR, ,10.00, , , ,81, ,27.2, ,68, ,19.8, ,60, ,15.6, , 49, , 5, ,VR , , , ,29.72, , , , , ,30.04, ,AA, , , ,30.06, 
94274,20120806,1753,12,CLR, ,10.00, , , ,78, ,25.6, ,67, ,19.3, ,60, ,15.6, , 54, , 7, ,270, , , ,29.71, , , , , ,30.04, ,AA, , , ,30.05, 
94274,20120806,1853,12,CLR, ,10.00, , , ,74, ,23.3, ,65, ,18.2, ,59, ,15.0, , 60, , 5, ,280, , , ,29.72, ,5, ,002, ,30.05, ,AA, , , ,30.06, 
94274,20120806,1953,12,CLR, ,10.00, , , ,70, ,21.1, ,63, ,17.4, ,59, ,15.0, , 68, , 6, ,270, , , ,29.73, , , , , ,30.06, ,AA, , , ,30.07, 
94274,20120806,2053,12,CLR, ,10.00, , , ,67, ,19.4, ,61, ,16.1, ,57, ,13.9, , 70, , 5, ,270, , , ,29.74, , , , , ,30.07, ,AA, , , ,30.08, 
94274,20120806,2153,12,CLR, ,10.00, , , ,63, ,17.2, ,60, ,15.2, ,57, ,13.9, , 81, , 8, ,270, , , ,29.75, ,3, ,010, ,30.08, ,AA, , , ,30.09, 
94274,20120806,2253,12,CLR, ,10.00, , , ,61, ,16.1, ,59, ,14.8, ,57, ,13.9, , 87, , 5, ,240, , , ,29.76, , , , , ,30.09, ,AA, , , ,30.10, 
94274,20120806,2326,12,FEW008, ,10.00, , , ,61, ,16.0, ,59, ,14.8, ,57, ,14.0, , 87, , 3, ,220, , , ,29.77, , , , , ,M, ,SP, , , ,30.11, 
94274,20120806,2341,12,BKN008, ,10.00, , , ,61, ,16.0, ,59, ,14.8, ,57, ,14.0, , 87, , 3, ,230, , , ,29.77, , , , , ,M, ,SP, , , ,30.11, 
94274,20120806,2353,12,OVC008, ,10.00, , , ,60, ,15.6, ,58, ,14.6, ,57, ,13.9, , 90, , 5, ,230, , , ,29.77, , , , , ,30.10, ,AA, , , ,30.11, 
94274,20120807,0053,12,OVC008, ,10.00, , , ,59, ,15.0, ,57, ,14.0, ,56, ,13.3, , 90, , 3, ,210, , , ,29.77, ,1, ,007, ,30.10, ,AA, , , ,30.11, 
94274,20120807,0153,12,OVC008, ,10.00, , , ,60, ,15.6, ,58, ,14.2, ,56, ,13.3, , 87, , 5, ,220, , , ,29.76, , , , , ,30.09, ,AA, , , ,30.10, 
94274,20120807,0253,12,OVC008, ,10.00, , , ,60, ,15.6, ,58, ,14.2, ,56, ,13.3, , 87, , 3, ,VR , , , ,29.76, , , , , ,30.09, ,AA, , , ,30.10, 
94274,20120807,0353,12,OVC008, ,10.00, , , ,59, ,15.0, ,57, ,14.0, ,56, ,13.3, , 90, , 0, ,000, , , ,29.76, ,6, ,004, ,30.09, ,AA, , , ,30.10, 
94274,20120807,0453,12,OVC008, ,10.00, , , ,60, ,15.6, ,58, ,14.2, ,56, ,13.3, , 87, , 0, ,000, , , ,29.76, , , , , ,30.09, ,AA, , , ,30.10, 
94274,20120807,0553,12,OVC008, ,10.00, , , ,60, ,15.6, ,58, ,14.2, ,56, ,13.3, , 87, , 0, ,000, , , ,29.76, , , , , ,30.09, ,AA, , , ,30.10, 
94274,20120807,0653,12,OVC006, ,10.00, , , ,60, ,15.6, ,58, ,14.2, ,56, ,13.3, , 87, , 3, ,270, , , ,29.75, ,8, ,003, ,30.08, ,AA, , , ,30.09, 
94274,20120807,0753,12,OVC006, ,10.00, , , ,60, ,15.6, ,58, ,14.2, ,56, ,13.3, , 87, , 3, ,230, , , ,29.76, , , , , ,30.09, ,AA, , , ,30.10, 
94274,20120807,0853,12,OVC006, ,10.00, , , ,62, ,16.7, ,59, ,14.7, ,56, ,13.3, , 81, , 5, ,240, , , ,29.74, , , , , ,30.08, ,AA, , , ,30.08, 
94274,20120807,0953,12,OVC009, ,10.00, , , ,63, ,17.2, ,60, ,15.2, ,57, ,13.9, , 81, , 0, ,000, , , ,29.74, ,8, ,002, ,30.07, ,AA, , , ,30.08, 
94274,20120807,1000,12,OVC009, ,10.00, , , ,63, ,17.0, ,60, ,15.2, ,57, ,14.0, , 81, , 0, ,000, , , ,29.74, , , , , ,M, ,SP, , , ,30.08, 
94274,20120807,1053,12,OVC009, ,10.00, , , ,63, ,17.2, ,60, ,15.2, ,57, ,13.9, , 81, , 3, ,240, , , ,29.74, , , , , ,30.07, ,AA, , , ,30.08, 
94274,20120807,1153,12,OVC008, ,10.00, , , ,65, ,18.3, ,60, ,15.7, ,57, ,13.9, , 75, , 5, ,150, , , ,29.72, , , , , ,30.06, ,AA, , , ,30.06, 
94274,20120807,1200,12,SCT008 OVC010, ,10.00, , , ,64, ,18.0, ,60, ,15.5, ,57, ,14.0, , 78, , 6, ,140, , , ,29.72, , , , , ,M, ,SP, , , ,30.06, 
94274,20120807,1253,12,SCT008 OVC010, ,10.00, , , ,65, ,18.3, ,60, ,15.7, ,57, ,13.9, , 75, , 6, ,140, , , ,29.72, ,5, ,006, ,30.06, ,AA, , , ,30.06, 
94274,20120807,1351,12,OVC016, ,10.00, , , ,66, ,19.0, ,61, ,15.9, ,57, ,14.0, , 73, , 5, ,180, , , ,29.71, , , , , ,M, ,SP, , , ,30.05, 
94274,20120807,1353,12,OVC016, ,10.00, , , ,66, ,18.9, ,61, ,16.2, ,58, ,14.4, , 76, , 7, ,170, , , ,29.71, , , , , ,30.05, ,AA, , , ,30.05, 
94274,20120807,1453,12,OVC016, ,10.00, , , ,67, ,19.4, ,62, ,16.4, ,58, ,14.4, , 73, , 7, ,220, , , ,29.72, , , , , ,30.05, ,AA, , , ,30.06, 
94274,20120807,1553,12,OVC018, ,10.00, , , ,66, ,18.9, ,61, ,16.2, ,58, ,14.4, , 76, , 7, ,230, , , ,29.72, ,6, ,001, ,30.05, ,AA, , , ,30.06, 
94274,20120807,1653,12,OVC018, ,10.00, , , ,66, ,18.9, ,61, ,15.9, ,57, ,13.9, , 73, , 5, ,250, , , ,29.72, , , , , ,30.05, ,AA, , , ,30.06, 
94274,20120807,1753,12,OVC018, ,10.00, , , ,66, ,18.9, ,61, ,15.9, ,57, ,13.9, , 73, , 5, ,250, , , ,29.71, , , , , ,30.05, ,AA, , , ,30.05, 
94274,20120807,1829,12,SCT020, ,10.00, , , ,66, ,19.0, ,60, ,15.3, ,55, ,13.0, , 68, , 6, ,240, , , ,29.72, , , , , ,M, ,SP, , , ,30.06, 
94274,20120807,1853,12,CLR, ,10.00, , , ,65, ,18.3, ,59, ,15.1, ,55, ,12.8, , 70, , 5, ,250, , , ,29.71, ,8, ,002, ,30.05, ,AA, , , ,30.05, 
94274,20120807,1953,12,FEW023, ,10.00, , , ,63, ,17.2, ,58, ,14.4, ,54, ,12.2, , 73, , 5, ,250, , , ,29.73, , , , , ,30.06, ,AA, , , ,30.07, 
94274,20120807,2014,12,BKN023, ,10.00, , , ,63, ,17.0, ,58, ,14.4, ,54, ,12.0, , 73, , 6, ,VR , , , ,29.73, , , , , ,M, ,SP, , , ,30.07, 
94274,20120807,2053,12,OVC023, ,10.00, , , ,62, ,16.7, ,57, ,13.8, ,53, ,11.7, , 73, , 7, ,250, , , ,29.75, , , , , ,30.08, ,AA, , , ,30.09, 
94274,20120807,2149,12,SCT023, ,10.00, , , ,61, ,16.0, ,56, ,13.3, ,52, ,11.0, , 72, , 7, ,250, , , ,29.75, , , , , ,M, ,SP, , , ,30.09, 
94274,20120807,2153,12,FEW023, ,10.00, , , ,60, ,15.6, ,55, ,12.8, ,51, ,10.6, , 72, , 6, ,240, , , ,29.75, ,1, ,007, ,30.09, ,AA, , , ,30.09, 
94274,20120807,2253,12,FEW024, ,10.00, , , ,59, ,15.0, ,55, ,12.5, ,51, ,10.6, , 75, , 6, ,230, , , ,29.75, , , , , ,30.09, ,AA, , , ,30.09, 
94274,20120807,2311,12,BKN026, ,10.00, , , ,59, ,15.0, ,55, ,12.8, ,52, ,11.0, , 78, , 5, ,220, , , ,29.75, , , , , ,M, ,SP, , , ,30.09, 
94274,20120807,2353,12,OVC024, ,10.00, , , ,60, ,15.6, ,56, ,13.1, ,52, ,11.1, , 75, , 6, ,200, , , ,29.75, , , , , ,30.09, ,AA, , , ,30.09, 
94274,20120808,0053,12,OVC024, ,10.00, , , ,60, ,15.6, ,56, ,13.1, ,52, ,11.1, , 75, , 7, ,200, , , ,29.76, ,3, ,002, ,30.09, ,AA, , , ,30.10, 
94274,20120808,0153,12,OVC024, ,10.00, , , ,59, ,15.0, ,55, ,12.8, ,52, ,11.1, , 78, , 5, ,180, , , ,29.76, , , , , ,30.09, ,AA, , , ,30.10, 
94274,20120808,0253,12,OVC026, ,10.00, , , ,60, ,15.6, ,56, ,13.4, ,53, ,11.7, , 78, , 8, ,210, , , ,29.77, , , , , ,30.11, ,AA, , , ,30.11, 
94274,20120808,0353,12,OVC028, ,10.00, , , ,60, ,15.6, ,56, ,13.4, ,53, ,11.7, , 78, , 7, ,190, , , ,29.78, ,3, ,008, ,30.11, ,AA, , , ,30.12, 
94274,20120808,0453,12,OVC028, ,10.00, , , ,60, ,15.6, ,56, ,13.1, ,52, ,11.1, , 75, , 7, ,180, , , ,29.79, , , , , ,30.12, ,AA, , , ,30.13, 
94274,20120808,0553,12,OVC030, ,10.00, , , ,60, ,15.6, ,56, ,13.4, ,53, ,11.7, , 78, , 7, ,180, , , ,29.80, , , , , ,30.14, ,AA, , , ,30.14, 
94274,20120808,0653,12,OVC030, ,10.00, , , ,61, ,16.1, ,57, ,13.6, ,53, ,11.7, , 75, , 3, ,190, , , ,29.82, ,3, ,013, ,30.15, ,AA, , , ,30.16, 
94274,20120808,0753,12,FEW030 OVC044, ,10.00, , , ,62, ,16.7, ,57, ,13.8, ,53, ,11.7, , 73, , 6, ,VR , , , ,29.83, , , , , ,30.16, ,AA, , , ,30.17, 
94274,20120808,0853,12,SCT023 BKN044, ,10.00, , , ,64, ,17.8, ,58, ,14.3, ,53, ,11.7, , 68, , 8, ,180, , , ,29.84, , , , , ,30.17, ,AA, , , ,30.18, 
94274,20120808,0953,12,FEW027 OVC046, ,10.00, , , ,66, ,18.9, ,58, ,14.5, ,52, ,11.1, , 61, , 6, ,VR , , , ,29.86, ,3, ,012, ,30.19, ,AA, , , ,30.20, 
94274,20120808,1051,12,BKN027 OVC041, ,10.00, , , ,66, ,19.0, ,59, ,15.0, ,54, ,12.0, , 65, , 6, ,270, , , ,29.86, , , , , ,M, ,SP, , , ,30.20, 
94274,20120808,1053,12,BKN027 OVC041, ,10.00, , , ,67, ,19.4, ,59, ,15.0, ,53, ,11.7, , 61, , 8, ,250, , , ,29.86, , , , , ,30.19, ,AA, , , ,30.20, 
94274,20120808,1130,12,OVC033, ,10.00, , , ,66, ,19.0, ,59, ,15.0, ,54, ,12.0, , 65, , 6, ,260, , , ,29.87, , , , , ,M, ,SP, , , ,30.21, 
94274,20120808,1153,12,OVC039, ,10.00, , , ,68, ,20.0, ,59, ,14.9, ,52, ,11.1, , 57, , 6, ,VR , , , ,29.86, , , , , ,30.20, ,AA, , , ,30.20, 
94274,20120808,1253,12,OVC041, ,10.00, , , ,67, ,19.4, ,59, ,14.7, ,52, ,11.1, , 59, , 5, ,VR , , , ,29.87, ,1, ,004, ,30.20, ,AA, , , ,30.21, 
94274,20120808,1353,12,OVC, ,10.00, , , ,70, ,21.0, ,M, ,M, ,52, ,11.0, ,M, , 6, ,VR , , , ,M, , , , , ,30.21, ,AA, , , ,30.22, 
94274,20120808,1354,12,OVC041, ,10.00, , , ,69, ,20.6, ,59, ,14.9, ,51, ,10.6, , 53, , 6, ,VR , , , ,29.88, , , , , ,30.21, ,AA, , , ,30.22, 
94274,20120808,1453,12,OVC043, ,10.00, , , ,70, ,21.1, ,59, ,15.1, ,51, ,10.6, , 51, , 3, ,250, , , ,29.87, , , , , ,30.21, ,AA, , , ,30.21, 
94274,20120808,1553,12,BKN043, ,10.00, , , ,69, ,20.6, ,59, ,15.2, ,52, ,11.1, , 55, , 5, ,220, , , ,29.87, ,1, ,002, ,30.21, ,AA, , , ,30.21, 
94274,20120808,1653,12,OVC043, ,10.00, , , ,68, ,20.0, ,59, ,14.9, ,52, ,11.1, , 57, , 0, ,000, , , ,29.87, , , , , ,30.21, ,AA, , , ,30.21, 
94274,20120808,1753,12,OVC043, ,10.00, , , ,68, ,20.0, ,59, ,15.2, ,53, ,11.7, , 59, , 0, ,000, , , ,29.87, , , , , ,30.20, ,AA, , , ,30.21, 
94274,20120808,1853,12,OVC043, ,10.00, , , ,68, ,20.0, ,59, ,15.2, ,53, ,11.7, , 59, , 0, ,000, , , ,29.87, ,5, ,002, ,30.20, ,AA, , , ,30.21, 
94274,20120808,1953,12,OVC043, ,10.00, , , ,66, ,18.9, ,59, ,15.0, ,54, ,12.2, , 65, , 3, ,010, , , ,29.87, , , , , ,30.21, ,AA, , , ,30.21, 
94274,20120808,2053,12,OVC045, ,10.00, , , ,64, ,17.8, ,58, ,14.6, ,54, ,12.2, , 70, , 3, ,040, , , ,29.88, , , , , ,30.22, ,AA, , , ,30.22, 
94274,20120808,2153,12,OVC043, ,10.00, , , ,64, ,17.8, ,58, ,14.6, ,54, ,12.2, , 70, , 0, ,000, , , ,29.88, ,0, ,005, ,30.22, ,AA, , , ,30.22, 
94274,20120808,2253,12,OVC043, ,10.00, , , ,64, ,17.8, ,58, ,14.6, ,54, ,12.2, , 70, , 0, ,000, , , ,29.88, , , , , ,30.21, ,AA, , , ,30.22, 
94274,20120808,2353,12,OVC041, ,10.00, , , ,63, ,17.2, ,58, ,14.6, ,55, ,12.8, , 75, , 0, ,000, , , ,29.88, , , , , ,30.21, ,AA, , , ,30.22, 
94274,20120809,0053,12,OVC039, ,10.00, , , ,62, ,16.7, ,58, ,14.4, ,55, ,12.8, , 78, , 6, ,010, , , ,29.87, ,8, ,003, ,30.21, ,AA, , , ,30.21, 
94274,20120809,0153,12,OVC037, ,10.00, , , ,61, ,16.1, ,57, ,13.9, ,54, ,12.2, , 78, , 6, ,020, , , ,29.86, , , , , ,30.20, ,AA, , , ,30.20, 
94274,20120809,0253,12,OVC043, ,10.00, , , ,60, ,15.6, ,56, ,13.4, ,53, ,11.7, , 78, , 3, ,020, , , ,29.86, , , , , ,30.19, ,AA, , , ,30.20, 
94274,20120809,0353,12,OVC043, ,10.00, , , ,60, ,15.6, ,56, ,13.4, ,53, ,11.7, , 78, , 0, ,000, , , ,29.86, ,5, ,003, ,30.20, ,AA, , , ,30.20, 
94274,20120809,0453,12,CLR, ,10.00, , , ,58, ,14.4, ,55, ,12.9, ,53, ,11.7, , 84, , 5, ,020, , , ,29.86, , , , , ,30.19, ,AA, , , ,30.20, 
94274,20120809,0553,12,CLR, ,10.00, , , ,58, ,14.4, ,56, ,13.2, ,54, ,12.2, , 87, , 6, ,060, , , ,29.86, , , , , ,30.20, ,AA, , , ,30.20, 
94274,20120809,0653,12,FEW021, ,10.00, , , ,61, ,16.1, ,57, ,13.9, ,54, ,12.2, , 78, , 6, ,040, , , ,29.87, ,3, ,002, ,30.20, ,AA, , , ,30.21, 
94274,20120809,0753,12,FEW021, ,10.00, , , ,62, ,16.7, ,58, ,14.1, ,54, ,12.2, , 75, , 5, ,040, , , ,29.86, , , , , ,30.19, ,AA, , , ,30.20, 
94274,20120809,0853,12,SCT028, ,10.00, , , ,63, ,17.2, ,58, ,14.6, ,55, ,12.8, , 75, , 6, ,020, , , ,29.85, , , , , ,30.19, ,AA, , , ,30.19, 
94274,20120809,0953,12,SCT027, ,10.00, , , ,65, ,18.3, ,59, ,14.8, ,54, ,12.2, , 68, ,10, ,350, , , ,29.84, ,6, ,009, ,30.18, ,AA, , , ,30.18, 
94274,20120809,1053,12,FEW030, ,10.00, , , ,67, ,19.4, ,59, ,15.0, ,53, ,11.7, , 61, , 8, ,030, , , ,29.84, , , , , ,30.17, ,AA, , , ,30.18, 
94274,20120809,1153,12,CLR, ,10.00, , , ,70, ,21.1, ,59, ,15.1, ,51, ,10.6, , 51, ,14, ,360, ,22, ,29.83, , , , , ,30.16, ,AA, , , ,30.17, 
94274,20120809,1253,12,SCT043, ,10.00, , , ,71, ,21.7, ,60, ,15.3, ,51, ,10.6, , 49, ,13, ,010, ,20, ,29.82, ,8, ,008, ,30.15, ,AA, , , ,30.16, 
94274,20120809,1353,12,CLR, ,10.00, , , ,71, ,21.7, ,60, ,15.3, ,51, ,10.6, , 49, ,10, ,020, , , ,29.81, , , , , ,30.14, ,AA, , , ,30.15, 
94274,20120809,1453,12,CLR, ,10.00, , , ,72, ,22.2, ,60, ,15.5, ,51, ,10.6, , 48, ,10, ,360, , , ,29.79, , , , , ,30.12, ,AA, , , ,30.13, 
94274,20120809,1553,12,FEW050, ,10.00, , , ,71, ,21.7, ,60, ,15.6, ,52, ,11.1, , 51, , 7, ,050, , , ,29.79, ,6, ,009, ,30.12, ,AA, , , ,30.13, 
94274,20120809,1653,12,CLR, ,10.00, , , ,70, ,21.1, ,60, ,15.6, ,53, ,11.7, , 55, , 5, ,030, , , ,29.78, , , , , ,30.11, ,AA, , , ,30.12, 
94274,20120809,1753,12,CLR, ,10.00, , , ,70, ,21.1, ,59, ,15.1, ,51, ,10.6, , 51, , 6, ,VR , , , ,29.77, , , , , ,30.10, ,AA, , , ,30.11, 
94274,20120809,1853,12,CLR, ,10.00, , , ,69, ,20.6, ,59, ,14.9, ,51, ,10.6, , 53, , 6, ,020, , , ,29.77, ,6, ,007, ,30.10, ,AA, , , ,30.11, 
94274,20120809,1953,12,CLR, ,10.00, , , ,66, ,18.9, ,58, ,14.2, ,51, ,10.6, , 59, , 0, ,000, , , ,29.77, , , , , ,30.11, ,AA, , , ,30.11, 
94274,20120809,2053,12,CLR, ,10.00, , , ,64, ,17.8, ,57, ,13.7, ,51, ,10.6, , 63, , 7, ,350, , , ,29.78, , , , , ,30.11, ,AA, , , ,30.12, 
94274,20120809,2153,12,CLR, ,10.00, , , ,64, ,17.8, ,57, ,14.0, ,52, ,11.1, , 65, , 3, ,020, , , ,29.79, ,3, ,006, ,30.12, ,AA, , , ,30.13, 
94274,20120809,2253,12,CLR, ,10.00, , , ,61, ,16.1, ,56, ,13.3, ,52, ,11.1, , 72, , 3, ,330, , , ,29.80, , , , , ,30.13, ,AA, , , ,30.14, 
94274,20120809,2353,12,CLR, ,10.00, , , ,58, ,14.4, ,54, ,12.3, ,51, ,10.6, , 78, , 3, ,330, , , ,29.80, , , , , ,30.13, ,AA, , , ,30.14, 
94274,20120810,0053,12,CLR, ,10.00, , , ,59, ,15.0, ,55, ,12.5, ,51, ,10.6, , 75, , 0, ,000, , , ,29.79, ,0, ,002, ,30.13, ,AA, , , ,30.13, 
94274,20120810,0153,12,CLR, ,10.00, , , ,57, ,13.9, ,54, ,12.1, ,51, ,10.6, , 80, , 0, ,000, , , ,29.80, , , , , ,30.13, ,AA, , , ,30.14, 
94274,20120810,0253,12,CLR, ,10.00, , , ,56, ,13.3, ,54, ,12.1, ,52, ,11.1, , 87, , 0, ,000, , , ,29.79, , , , , ,30.13, ,AA, , , ,30.13, 
94274,20120810,0353,12,CLR, ,10.00, , , ,55, ,12.8, ,53, ,11.8, ,52, ,11.1, , 90, , 0, ,000, , , ,29.79, ,0, ,000, ,30.13, ,AA, , , ,30.13, 
94274,20120810,0453,12,CLR, , 9.00, , , ,54, ,12.2, ,52, ,11.3, ,51, ,10.6, , 90, , 0, ,000, , , ,29.80, , , , , ,30.13, ,AA, , , ,30.14, 
94274,20120810,0548,12,SCT004, , 8.00, , , ,55, ,13.0, ,54, ,12.4, ,54, ,12.0, , 96, , 0, ,000, , , ,29.80, , , , , ,M, ,SP, , , ,30.14, 
94274,20120810,0551,12,BKN002, , 7.00, , , ,55, ,13.0, ,54, ,12.4, ,54, ,12.0, , 96, , 0, ,000, , , ,29.80, , , , , ,M, ,SP, , , ,30.14, 
94274,20120810,0553,12,BKN002, , 6.00, ,BR, ,55, ,12.8, ,54, ,12.1, ,53, ,11.7, , 93, , 0, ,000, , , ,29.80, , , , , ,30.13, ,AA, , , ,30.14, 
94274,20120810,0600,12,BKN002, , 1.75, ,BR, ,55, ,13.0, ,54, ,12.4, ,54, ,12.0, , 96, , 0, ,000, , , ,29.81, , , , , ,M, ,SP, , , ,30.15, 
94274,20120810,0605,12,OVC002, , 0.25, ,FG, ,55, ,13.0, ,54, ,12.4, ,54, ,12.0, , 96, , 0, ,000, , , ,29.81, , , , , ,M, ,SP, , , ,30.15, 
94274,20120810,0653,12,VV002, , 0.00, ,FG, ,55, ,12.8, ,54, ,12.4, ,54, ,12.2, , 96, , 3, ,240, , , ,29.81, ,3, ,004, ,30.14, ,AA, , , ,30.15, 
94274,20120810,0750,12,VV002, , 1.00, ,BR, ,55, ,13.0, ,54, ,12.4, ,54, ,12.0, , 96, , 0, ,000, , , ,29.81, , , , , ,M, ,SP, , , ,30.15, 
94274,20120810,0753,12,OVC002, , 1.75, ,BR, ,56, ,13.3, ,55, ,12.7, ,54, ,12.2, , 93, , 0, ,000, , , ,29.81, , , , , ,30.15, ,AA, , , ,30.15, 
94274,20120810,0853,12,SCT002 BKN004, , 3.00, ,BR, ,57, ,13.9, ,55, ,12.9, ,54, ,12.2, , 90, , 3, ,170, , , ,29.80, , , , , ,30.14, ,AA, , , ,30.14, 
94274,20120810,0900,12,OVC002, , 1.75, ,BR, ,57, ,14.0, ,55, ,12.9, ,54, ,12.0, , 90, , 5, ,190, , , ,29.80, , , , , ,M, ,SP, , , ,30.14, 
94274,20120810,0903,12,BKN002, , 3.00, ,BR, ,57, ,14.0, ,55, ,12.9, ,54, ,12.0, , 90, , 3, ,180, , , ,29.80, , , , , ,M, ,SP, , , ,30.14, 
94274,20120810,0907,12,SCT010, , 3.00, ,HZ, ,59, ,15.0, ,56, ,13.4, ,54, ,12.0, , 84, , 0, ,000, , , ,29.80, , , , , ,M, ,SP, , , ,30.14, 
94274,20120810,0953,12,SCT010, ,10.00, , , ,64, ,17.8, ,59, ,14.9, ,55, ,12.8, , 73, , 0, ,000, , , ,29.79, ,8, ,007, ,30.12, ,AA, , , ,30.13, 
94274,20120810,1053,12,FEW020, ,10.00, , , ,68, ,20.0, ,60, ,15.8, ,55, ,12.8, , 63, , 3, ,290, , , ,29.78, , , , , ,30.11, ,AA, , , ,30.12, 
94274,20120810,1153,12,CLR, ,10.00, , , ,69, ,20.6, ,60, ,15.7, ,54, ,12.2, , 59, , 3, ,140, , , ,29.76, , , , , ,30.09, ,AA, , , ,30.10, 
94274,20120810,1253,12,CLR, ,10.00, , , ,73, ,22.8, ,62, ,16.6, ,54, ,12.2, , 52, , 0, ,000, , , ,29.76, ,6, ,010, ,30.09, ,AA, , , ,30.10, 
94274,20120810,1353,12,CLR, ,10.00, , , ,73, ,22.8, ,62, ,16.8, ,55, ,12.8, , 53, , 5, ,VR , , , ,29.75, , , , , ,30.08, ,AA, , , ,30.09, 
94274,20120810,1453,12,FEW040, ,10.00, , , ,73, ,22.8, ,62, ,16.5, ,54, ,12.2, , 52, , 3, ,080, , , ,29.74, , , , , ,30.07, ,AA, , , ,30.08, 
94274,20120810,1553,12,CLR, ,10.00, , , ,75, ,23.9, ,62, ,16.7, ,53, ,11.7, , 46, , 3, ,070, , , ,29.73, ,6, ,009, ,30.06, ,AA, , , ,30.07, 
94274,20120810,1653,12,CLR, ,10.00, , , ,74, ,23.3, ,62, ,16.5, ,53, ,11.7, , 48, , 3, ,VR , , , ,29.72, , , , , ,30.06, ,AA, , , ,30.06, 
94274,20120810,1753,12,CLR, ,10.00, , , ,73, ,22.8, ,62, ,16.8, ,55, ,12.8, , 53, , 5, ,050, , , ,29.71, , , , , ,30.05, ,AA, , , ,30.05, 
94274,20120810,1853,12,CLR, ,10.00, , , ,71, ,21.7, ,62, ,16.4, ,55, ,12.8, , 57, , 3, ,040, , , ,29.71, ,6, ,005, ,30.05, ,AA, , , ,30.05, 
94274,20120810,1953,12,CLR, ,10.00, , , ,68, ,20.0, ,60, ,15.5, ,54, ,12.2, , 61, , 0, ,000, , , ,29.72, , , , , ,30.06, ,AA, , , ,30.06, 
94274,20120810,2053,12,CLR, ,10.00, , , ,66, ,18.9, ,60, ,15.3, ,55, ,12.8, , 68, , 5, ,260, , , ,29.73, , , , , ,30.06, ,AA, , , ,30.07, 
94274,20120810,2153,12,CLR, ,10.00, , , ,64, ,17.8, ,59, ,14.9, ,55, ,12.8, , 73, , 3, ,280, , , ,29.73, ,1, ,006, ,30.06, ,AA, , , ,30.07, 
94274,20120810,2253,12,CLR, ,10.00, , , ,62, ,16.7, ,58, ,14.4, ,55, ,12.8, , 78, , 0, ,000, , , ,29.74, , , , , ,30.08, ,AA, , , ,30.08, 
94274,20120810,2353,12,CLR, ,10.00, , , ,61, ,16.1, ,58, ,14.5, ,56, ,13.3, , 84, , 0, ,000, , , ,29.74, , , , , ,30.07, ,AA, , , ,30.08, 
94274,20120811,0053,12,CLR, , 9.00, , , ,59, ,15.0, ,57, ,14.0, ,56, ,13.3, , 90, , 0, ,000, , , ,29.73, ,0, ,000, ,30.06, ,AA, , , ,30.07, 
94274,20120811,0153,12,CLR, , 7.00, , , ,58, ,14.4, ,56, ,13.5, ,55, ,12.8, , 90, , 0, ,000, , , ,29.73, , , , , ,30.06, ,AA, , , ,30.07, 
94274,20120811,0253,12,CLR, , 6.00, ,BR, ,57, ,13.9, ,55, ,12.9, ,54, ,12.2, , 90, , 0, ,000, , , ,29.73, , , , , ,30.06, ,AA, , , ,30.07, 
94274,20120811,0353,12,CLR, , 5.00, ,BR, ,56, ,13.3, ,55, ,12.7, ,54, ,12.2, , 93, , 0, ,000, , , ,29.74, ,3, ,001, ,30.07, ,AA, , , ,30.08, 
94274,20120811,0441,12,VV001, , 0.75, ,BR, ,55, ,13.0, ,54, ,12.4, ,54, ,12.0, , 96, , 0, ,000, , , ,29.73, , , , , ,M, ,SP, , , ,30.07, 
94274,20120811,0449,12,VV001, , 0.00, ,FG, ,55, ,13.0, ,54, ,12.4, ,54, ,12.0, , 96, , 0, ,000, , , ,29.74, , , , , ,M, ,SP, , , ,30.08, 
94274,20120811,0453,12,VV001, , 0.00, ,FG, ,55, ,12.8, ,54, ,12.4, ,54, ,12.2, , 96, , 0, ,000, , , ,29.74, , , , , ,30.07, ,AA, , , ,30.08, 
94274,20120811,0553,12,VV001, , 0.00, ,FG, ,55, ,12.8, ,55, ,12.7, ,55, ,12.8, ,100, , 0, ,000, , , ,29.74, , , , , ,30.08, ,AA, , , ,30.08, 
94274,20120811,0643,12,VV002, , 0.00, ,FG, ,55, ,13.0, ,55, ,12.7, ,55, ,13.0, ,100, , 0, ,000, , , ,29.76, , , , , ,M, ,SP, , , ,30.10, 
94274,20120811,0653,12,VV002, , 0.00, ,FG, ,55, ,12.8, ,55, ,12.7, ,55, ,12.8, ,100, , 0, ,000, , , ,29.76, ,3, ,007, ,30.09, ,AA, , , ,30.10, 
94274,20120811,0744,12,OVC002, , 1.00, ,BR, ,57, ,14.0, ,56, ,13.2, ,55, ,13.0, , 93, , 0, ,000, , , ,29.76, , , , , ,M, ,SP, , , ,30.10, 
94274,20120811,0751,12,OVC002, , 2.00, ,BR, ,55, ,13.0, ,55, ,12.7, ,55, ,13.0, ,100, , 0, ,000, , , ,29.76, , , , , ,M, ,SP, , , ,30.10, 
94274,20120811,0753,12,BKN002, , 1.00, ,BR, ,57, ,13.9, ,56, ,13.5, ,56, ,13.3, , 96, , 0, ,000, , , ,29.76, , , , , ,30.10, ,AA, , , ,30.10, 
94274,20120811,0828,12,SCT006, , 3.00, ,BR, ,61, ,16.0, ,58, ,14.2, ,55, ,13.0, , 81, , 0, ,000, , , ,29.76, , , , , ,M, ,SP, , , ,30.10, 
94274,20120811,0853,12,SCT006, , 3.00, ,HZ, ,61, ,16.1, ,58, ,14.5, ,56, ,13.3, , 84, , 3, ,140, , , ,29.75, , , , , ,30.09, ,AA, , , ,30.09, 
94274,20120811,0953,12,CLR, ,10.00, , , ,65, ,18.3, ,59, ,15.1, ,55, ,12.8, , 70, , 3, ,VR , , , ,29.74, ,8, ,005, ,30.08, ,AA, , , ,30.08, 
94274,20120811,1053,12,CLR, ,10.00, , , ,70, ,21.1, ,61, ,16.2, ,55, ,12.8, , 59, , 3, ,VR , , , ,29.73, , , , , ,30.06, ,AA, , , ,30.07, 
94274,20120811,1153,12,CLR, ,10.00, , , ,74, ,23.3, ,61, ,16.2, ,52, ,11.1, , 46, ,11, ,360, , , ,29.71, , , , , ,30.05, ,AA, , , ,30.05, 
94274,20120811,1253,12,CLR, ,10.00, , , ,76, ,24.4, ,61, ,16.1, ,50, ,10.0, , 40, ,11, ,360, ,22, ,29.71, ,6, ,012, ,30.04, ,AA, , , ,30.05, 
94274,20120811,1353,12,CLR, ,10.00, , , ,77, ,25.0, ,62, ,16.6, ,51, ,10.6, , 40, ,11, ,010, , , ,29.69, , , , , ,30.02, ,AA, , , ,30.03, 
94274,20120811,1453,12,CLR, ,10.00, , , ,77, ,25.0, ,63, ,17.1, ,53, ,11.7, , 43, ,11, ,020, , , ,29.68, , , , , ,30.01, ,AA, , , ,30.02, 
94274,20120811,1553,12,CLR, ,10.00, , , ,77, ,25.0, ,63, ,17.4, ,54, ,12.2, , 45, , 6, ,VR , , , ,29.66, ,8, ,016, ,29.99, ,AA, , , ,30.00, 
94274,20120811,1653,12,CLR, ,10.00, , , ,76, ,24.4, ,63, ,17.2, ,54, ,12.2, , 47, , 6, ,030, , , ,29.65, , , , , ,29.98, ,AA, , , ,29.99, 
94274,20120811,1753,12,CLR, ,10.00, , , ,76, ,24.4, ,62, ,16.6, ,52, ,11.1, , 43, ,10, ,360, , , ,29.64, , , , , ,29.98, ,AA, , , ,29.98, 
94274,20120811,1853,12,CLR, ,10.00, , , ,74, ,23.3, ,61, ,16.2, ,52, ,11.1, , 46, ,13, ,360, , , ,29.64, ,6, ,007, ,29.98, ,AA, , , ,29.98, 
94274,20120811,1953,12,CLR, ,10.00, , , ,70, ,21.1, ,60, ,15.6, ,53, ,11.7, , 55, , 9, ,350, , , ,29.65, , , , , ,29.98, ,AA, , , ,29.99, 
94274,20120811,2053,12,CLR, ,10.00, , , ,69, ,20.6, ,60, ,15.4, ,53, ,11.7, , 57, , 9, ,360, , , ,29.65, , , , , ,29.98, ,AA, , , ,29.99, 
94274,20120811,2153,12,CLR, ,10.00, , , ,68, ,20.0, ,60, ,15.5, ,54, ,12.2, , 61, , 8, ,360, , , ,29.65, ,1, ,003, ,29.98, ,AA, , , ,29.99, 
94274,20120811,2253,12,CLR, ,10.00, , , ,66, ,18.9, ,59, ,15.0, ,54, ,12.2, , 65, , 5, ,010, , , ,29.65, , , , , ,29.98, ,AA, , , ,29.99, 
94274,20120811,2353,12,CLR, ,10.00, , , ,63, ,17.2, ,58, ,14.3, ,54, ,12.2, , 73, , 5, ,360, , , ,29.65, , , , , ,29.98, ,AA, , , ,29.99, 
94274,20120812,0053,12,CLR, ,10.00, , , ,64, ,17.8, ,58, ,14.6, ,54, ,12.2, , 70, , 5, ,020, , , ,29.65, ,8, ,001, ,29.98, ,AA, , , ,29.99, 
94274,20120812,0153,12,CLR, ,10.00, , , ,61, ,16.1, ,57, ,13.6, ,53, ,11.7, , 75, , 0, ,000, , , ,29.65, , , , , ,29.98, ,AA, , , ,29.99, 
94274,20120812,0253,12,CLR, ,10.00, , , ,59, ,15.0, ,55, ,12.8, ,52, ,11.1, , 78, , 3, ,310, , , ,29.66, , , , , ,29.98, ,AA, , , ,30.00, 
94274,20120812,0353,12,CLR, ,10.00, , , ,58, ,14.4, ,55, ,12.6, ,52, ,11.1, , 81, , 0, ,000, , , ,29.65, ,8, ,000, ,29.98, ,AA, , , ,29.99, 
94274,20120812,0453,12,CLR, , 9.00, , , ,57, ,13.9, ,54, ,12.3, ,52, ,11.1, , 83, , 0, ,000, , , ,29.65, , , , , ,29.98, ,AA, , , ,29.99, 
94274,20120812,0553,12,CLR, , 8.00, , , ,57, ,13.9, ,55, ,12.6, ,53, ,11.7, , 87, , 3, ,330, , , ,29.66, , , , , ,29.99, ,AA, , , ,30.00, 
94274,20120812,0653,12,CLR, , 9.00, , , ,61, ,16.1, ,57, ,13.9, ,54, ,12.2, , 78, , 0, ,000, , , ,29.66, ,1, ,004, ,29.99, ,AA, , , ,30.00, 
94274,20120812,0753,12,CLR, , 9.00, , , ,64, ,17.8, ,59, ,14.9, ,55, ,12.8, , 73, , 3, ,060, , , ,29.66, , , , , ,29.99, ,AA, , , ,30.00, 
94274,20120812,0853,12,CLR, ,10.00, , , ,70, ,21.1, ,61, ,16.2, ,55, ,12.8, , 59, , 8, ,330, , , ,29.66, , , , , ,29.99, ,AA, , , ,30.00, 
94274,20120812,0953,12,CLR, ,10.00, , , ,70, ,21.1, ,61, ,16.2, ,55, ,12.8, , 59, , 7, ,010, , , ,29.65, ,8, ,005, ,29.98, ,AA, , , ,29.99, 
94274,20120812,1053,12,CLR, ,10.00, , , ,74, ,23.3, ,63, ,17.3, ,56, ,13.3, , 54, , 7, ,020, , , ,29.64, , , , , ,29.97, ,AA, , , ,29.98, 
94274,20120812,1153,12,CLR, ,10.00, , , ,77, ,25.0, ,64, ,17.6, ,55, ,12.8, , 47, ,10, ,020, , , ,29.63, , , , , ,29.96, ,AA, , , ,29.97, 
94274,20120812,1253,12,CLR, ,10.00, , , ,78, ,25.6, ,65, ,18.1, ,56, ,13.3, , 47, , 8, ,060, , , ,29.62, ,6, ,008, ,29.95, ,AA, , , ,29.96, 
94274,20120812,1353,12,CLR, ,10.00, , , ,81, ,27.2, ,66, ,18.7, ,56, ,13.3, , 42, ,10, ,030, , , ,29.61, , , , , ,29.94, ,AA, , , ,29.95, 
94274,20120812,1453,12,CLR, ,10.00, , , ,80, ,26.7, ,65, ,18.5, ,56, ,13.3, , 44, , 9, ,030, , , ,29.60, , , , , ,29.93, ,AA, , , ,29.94, 
94274,20120812,1553,12,CLR, ,10.00, , , ,82, ,27.8, ,66, ,18.9, ,56, ,13.3, , 41, , 8, ,020, , , ,29.59, ,6, ,009, ,29.93, ,AA, , , ,29.93, 
94274,20120812,1653,12,CLR, ,10.00, , , ,79, ,26.1, ,66, ,18.6, ,57, ,13.9, , 47, , 5, ,040, , , ,29.59, , , , , ,29.92, ,AA, , , ,29.93, 
94274,20120812,1753,12,CLR, , 9.00, , , ,78, ,25.6, ,65, ,18.4, ,57, ,13.9, , 49, , 6, ,010, , , ,29.59, , , , , ,29.92, ,AA, , , ,29.93, 
94274,20120812,1853,12,CLR, , 9.00, , , ,76, ,24.4, ,64, ,17.7, ,56, ,13.3, , 50, , 3, ,010, , , ,29.59, ,5, ,001, ,29.92, ,AA, , , ,29.93, 
94274,20120812,1953,12,CLR, ,10.00, , , ,75, ,23.9, ,62, ,16.4, ,52, ,11.1, , 45, , 7, ,010, , , ,29.60, , , , , ,29.93, ,AA, , , ,29.94, 
94274,20120812,2053,12,CLR, ,10.00, , , ,73, ,22.8, ,61, ,16.3, ,53, ,11.7, , 50, , 6, ,010, , , ,29.61, , , , , ,29.94, ,AA, , , ,29.95, 
94274,20120812,2153,12,CLR, ,10.00, , , ,71, ,21.7, ,61, ,15.8, ,53, ,11.7, , 53, , 0, ,000, , , ,29.61, ,1, ,007, ,29.94, ,AA, , , ,29.95, 
94274,20120812,2253,12,CLR, ,10.00, , , ,67, ,19.4, ,59, ,15.0, ,53, ,11.7, , 61, , 0, ,000, , , ,29.61, , , , , ,29.94, ,AA, , , ,29.95, 
94274,20120812,2353,12,CLR, ,10.00, , , ,65, ,18.3, ,58, ,14.5, ,53, ,11.7, , 65, , 0, ,000, , , ,29.63, , , , , ,29.96, ,AA, , , ,29.97, 
94274,20120813,0053,12,CLR, ,10.00, , , ,65, ,18.3, ,58, ,14.5, ,53, ,11.7, , 65, , 0, ,000, , , ,29.64, ,3, ,007, ,29.96, ,AA, , , ,29.98, 
94274,20120813,0153,12,CLR, ,10.00, , , ,62, ,16.7, ,57, ,13.8, ,53, ,11.7, , 73, , 0, ,000, , , ,29.65, , , , , ,29.98, ,AA, , , ,29.99, 
94274,20120813,0253,12,CLR, ,10.00, , , ,61, ,16.1, ,57, ,13.6, ,53, ,11.7, , 75, , 0, ,000, , , ,29.65, , , , , ,29.98, ,AA, , , ,29.99, 
94274,20120813,0353,12,CLR, ,10.00, , , ,59, ,15.0, ,56, ,13.1, ,53, ,11.7, , 81, , 0, ,000, , , ,29.67, ,3, ,010, ,29.99, ,AA, , , ,30.01, 
94274,20120813,0453,12,CLR, , 9.00, , , ,59, ,15.0, ,56, ,13.4, ,54, ,12.2, , 84, , 0, ,000, , , ,29.66, , , , , ,29.99, ,AA, , , ,30.00, 
94274,20120813,0553,12,CLR, , 6.00, ,BR, ,56, ,13.3, ,55, ,13.0, ,55, ,12.8, , 96, , 3, ,180, , , ,29.68, , , , , ,30.01, ,AA, , , ,30.02, 
94274,20120813,0653,12,CLR, , 7.00, , , ,61, ,16.1, ,59, ,14.8, ,57, ,13.9, , 87, , 0, ,000, , , ,29.69, ,3, ,009, ,30.02, ,AA, , , ,30.03, 
94274,20120813,0753,12,CLR, , 8.00, , , ,64, ,17.8, ,60, ,15.5, ,57, ,13.9, , 78, , 3, ,280, , , ,29.70, , , , , ,30.03, ,AA, , , ,30.04, 
94274,20120813,0853,12,CLR, , 9.00, , , ,65, ,18.3, ,60, ,15.4, ,56, ,13.3, , 73, , 3, ,130, , , ,29.69, , , , , ,30.02, ,AA, , , ,30.03, 
94274,20120813,0953,12,CLR, , 9.00, , , ,71, ,21.7, ,63, ,17.0, ,57, ,13.9, , 61, , 0, ,000, , , ,29.70, ,1, ,002, ,30.02, ,AA, , , ,30.04, 
94274,20120813,1053,12,CLR, ,10.00, , , ,74, ,23.3, ,62, ,16.8, ,54, ,12.2, , 50, , 3, ,120, , , ,29.69, , , , , ,30.02, ,AA, , , ,30.03, 
94274,20120813,1153,12,CLR, ,10.00, , , ,76, ,24.4, ,63, ,17.2, ,54, ,12.2, , 47, , 3, ,140, , , ,29.69, , , , , ,30.01, ,AA, , , ,30.03, 
94274,20120813,1253,12,CLR, ,10.00, , , ,81, ,27.2, ,66, ,18.7, ,56, ,13.3, , 42, , 0, ,000, , , ,29.68, ,8, ,006, ,30.01, ,AA, , , ,30.02, 
94274,20120813,1353,12,CLR, , 9.00, , , ,83, ,28.3, ,65, ,18.5, ,54, ,12.2, , 37, , 3, ,VR , , , ,29.67, , , , , ,30.00, ,AA, , , ,30.01, 
94274,20120813,1453,12,CLR, , 9.00, , , ,85, ,29.4, ,64, ,17.7, ,49, ,9.4, , 29, , 3, ,230, , , ,29.66, , , , , ,29.99, ,AA, , , ,30.00, 
94274,20120813,1553,12,CLR, , 9.00, , , ,82, ,27.8, ,66, ,18.6, ,55, ,12.8, , 40, , 7, ,040, , , ,29.65, ,8, ,008, ,29.98, ,AA, , , ,29.99, 
94274,20120813,1653,12,CLR, , 9.00, , , ,79, ,26.0, ,M, ,M, ,52, ,11.0, ,M, , 5, ,030, , , ,M, , , , , ,29.97, ,AUTO, , , ,29.98, 
94274,20120813,1653,12,CLR, ,10.00, , , ,79, ,26.1, ,63, ,17.2, ,52, ,11.1, , 39, , 5, ,030, , , ,29.64, , , , , ,29.97, ,AA, , , ,29.98, 
94274,20120813,1753,12,CLR, , 9.00, , , ,76, ,24.4, ,60, ,15.6, ,48, ,8.9, , 37, ,13, ,010, , , ,29.64, , , , , ,29.97, ,AA, , , ,29.98, 
94274,20120813,1853,12,CLR, , 9.00, , , ,74, ,23.3, ,59, ,15.2, ,48, ,8.9, , 40, , 9, ,010, , , ,29.64, ,6, ,004, ,29.97, ,AA, , , ,29.98, 
94274,20120813,1953,12,CLR, ,10.00, , , ,71, ,21.7, ,59, ,15.0, ,50, ,10.0, , 48, , 7, ,010, , , ,29.65, , , , , ,29.98, ,AA, , , ,29.99, 
94274,20120813,2053,12,CLR, ,10.00, , , ,68, ,20.0, ,58, ,14.4, ,50, ,10.0, , 53, , 0, ,000, , , ,29.66, , , , , ,29.98, ,AA, , , ,30.00, 
94274,20120813,2153,12,CLR, , 9.00, , , ,64, ,17.8, ,57, ,13.7, ,51, ,10.6, , 63, , 3, ,350, , , ,29.66, ,1, ,005, ,29.99, ,AA, , , ,30.00, 
94274,20120813,2253,12,CLR, , 9.00, , , ,63, ,17.2, ,56, ,13.2, ,50, ,10.0, , 63, , 6, ,340, , , ,29.66, , , , , ,29.99, ,AA, , , ,30.00, 
94274,20120813,2353,12,CLR, , 9.00, , , ,61, ,16.1, ,55, ,12.5, ,49, ,9.4, , 65, , 5, ,340, , , ,29.67, , , , , ,30.00, ,AA, , , ,30.01, 
94274,20120814,0053,12,CLR, , 9.00, , , ,60, ,15.6, ,54, ,12.2, ,49, ,9.4, , 67, , 3, ,280, , , ,29.67, ,0, ,003, ,29.99, ,AA, , , ,30.01, 
94274,20120814,0153,12,CLR, , 9.00, , , ,M, ,M, ,M, ,M, ,M, ,M, ,M, , 5, ,290, , , ,29.67, , , , , ,M, ,AA, , , ,30.01, 
94274,20120814,0253,12,CLR, , 9.00, , , ,M, ,M, ,M, ,M, ,M, ,M, ,M, , 0, ,000, , , ,29.66, , , , , ,M, ,AA, , , ,30.00, 
94274,20120814,0353,12,CLR, , 9.00, , , ,M, ,M, ,M, ,M, ,M, ,M, ,M, , 0, ,000, , , ,29.66, ,8, ,001, ,M, ,AA, , , ,30.00, 
94274,20120814,0453,12,CLR, , 9.00, , , ,M, ,M, ,M, ,M, ,M, ,M, ,M, , 0, ,000, , , ,29.66, , , , , ,M, ,AA, , , ,30.00, 
94274,20120814,0553,12,CLR, , 7.00, , , ,M, ,M, ,M, ,M, ,M, ,M, ,M, , 0, ,000, , , ,29.66, , , , , ,M, ,AA, , , ,30.00, 
94274,20120814,0653,12,CLR, , 7.00, , , ,M, ,M, ,M, ,M, ,M, ,M, ,M, , 0, ,000, , , ,29.66, ,4, ,000, ,M, ,AA, , , ,30.00, 
94274,20120814,0753,12,CLR, , 7.00, , , ,61, ,16.1, ,57, ,13.6, ,53, ,11.7, , 75, , 3, ,160, , , ,29.66, , , , , ,29.99, ,AA, , , ,30.00, 
94274,20120814,0853,12,CLR, , 8.00, , , ,65, ,18.3, ,59, ,14.8, ,54, ,12.2, , 68, , 3, ,VR , , , ,29.65, , , , , ,29.98, ,AA, , , ,29.99, 
94274,20120814,0953,12,CLR, , 8.00, , , ,70, ,21.1, ,60, ,15.6, ,53, ,11.7, , 55, , 0, ,000, , , ,29.64, ,8, ,009, ,29.97, ,AA, , , ,29.98, 
94274,20120814,1053,12,CLR, , 8.00, , , ,73, ,22.8, ,61, ,16.3, ,53, ,11.7, , 50, , 3, ,VR , , , ,29.63, , , , , ,29.96, ,AA, , , ,29.97, 
94274,20120814,1153,12,CLR, , 8.00, , , ,73, ,22.8, ,61, ,16.0, ,52, ,11.1, , 48, , 5, ,110, , , ,29.62, , , , , ,29.95, ,AA, , , ,29.96, 
94274,20120814,1253,12,CLR, , 8.00, , , ,76, ,24.4, ,63, ,17.4, ,55, ,12.8, , 48, , 5, ,VR , , , ,29.61, ,8, ,011, ,29.94, ,AA, , , ,29.95, 
94274,20120814,1353,12,CLR, , 9.00, , , ,78, ,25.6, ,64, ,17.8, ,55, ,12.8, , 45, , 5, ,VR , , , ,29.59, , , , , ,M, ,AA, , , ,29.93, 
94274,20120814,1453,12,CLR, , 9.00, , , ,80, ,26.7, ,65, ,18.5, ,56, ,13.3, , 44, , 6, ,020, , , ,29.58, , , , , ,M, ,AA, , , ,29.92, 
94274,20120814,1553,12,CLR, ,10.00, , , ,78, ,25.6, ,65, ,18.4, ,57, ,13.9, , 49, ,10, ,020, , , ,29.58, ,6, ,010, ,M, ,AA, , , ,29.92, 
94274,20120814,1653,12,CLR, ,10.00, , , ,76, ,24.4, ,66, ,18.6, ,59, ,15.0, , 56, ,10, ,020, , , ,29.56, , , , , ,M, ,AA, , , ,29.90, 
94274,20120814,1753,12,CLR, ,10.00, , , ,75, ,23.9, ,65, ,18.1, ,58, ,14.4, , 56, , 8, ,010, , , ,29.55, , , , , ,M, ,AA, , , ,29.89, 
94274,20120814,1853,12,CLR, ,10.00, , , ,71, ,21.7, ,64, ,17.6, ,59, ,15.0, , 66, , 9, ,010, , , ,29.55, ,5, ,008, ,M, ,AA, , , ,29.89, 
94274,20120814,1953,12,CLR, ,10.00, , , ,68, ,20.0, ,62, ,16.6, ,58, ,14.4, , 71, , 8, ,010, , , ,29.56, , , , , ,29.90, ,AA, , , ,29.90, 
94274,20120814,2053,12,CLR, ,10.00, , , ,67, ,19.4, ,61, ,16.1, ,57, ,13.9, , 70, , 8, ,010, , , ,29.58, , , , , ,29.91, ,AA, , , ,29.92, 
94274,20120814,2153,12,CLR, ,10.00, , , ,65, ,18.3, ,60, ,15.7, ,57, ,13.9, , 75, , 8, ,350, , , ,29.58, ,0, ,008, ,29.91, ,AA, , , ,29.92, 
94274,20120814,2253,12,CLR, ,10.00, , , ,64, ,17.8, ,60, ,15.5, ,57, ,13.9, , 78, , 5, ,340, , , ,29.58, , , , , ,29.91, ,AA, , , ,29.92, 
94274,20120814,2353,12,CLR, ,10.00, , , ,63, ,17.2, ,59, ,14.9, ,56, ,13.3, , 78, , 5, ,010, , , ,29.58, , , , , ,29.91, ,AA, , , ,29.92, 
94274,20120815,0053,12,CLR, ,10.00, , , ,62, ,16.7, ,59, ,14.7, ,56, ,13.3, , 81, , 0, ,000, , , ,29.59, ,3, ,003, ,29.92, ,AA, , , ,29.93, 
94274,20120815,0153,12,CLR, ,10.00, , , ,60, ,15.6, ,58, ,14.2, ,56, ,13.3, , 87, , 0, ,000, , , ,29.59, , , , , ,29.92, ,AA, , , ,29.93, 
94274,20120815,0253,12,CLR, ,10.00, , , ,59, ,15.0, ,57, ,14.0, ,56, ,13.3, , 90, , 3, ,310, , , ,29.59, , , , , ,29.92, ,AA, , , ,29.93, 
94274,20120815,0353,12,CLR, ,10.00, , , ,59, ,15.0, ,57, ,14.0, ,56, ,13.3, , 90, , 0, ,000, , , ,29.60, ,3, ,004, ,29.93, ,AA, , , ,29.94, 
94274,20120815,0453,12,CLR, ,10.00, , , ,58, ,14.4, ,56, ,13.2, ,54, ,12.2, , 87, , 0, ,000, , , ,29.60, , , , , ,29.93, ,AA, , , ,29.94, 
94274,20120815,0553,12,CLR, , 9.00, , , ,59, ,15.0, ,57, ,13.7, ,55, ,12.8, , 87, , 0, ,000, , , ,29.61, , , , , ,29.93, ,AA, , , ,29.95, 
94274,20120815,0653,12,CLR, ,10.00, , , ,62, ,16.7, ,59, ,15.0, ,57, ,13.9, , 84, , 0, ,000, , , ,29.61, ,3, ,004, ,29.94, ,AA, , , ,29.95, 
94274,20120815,0753,12,CLR, ,10.00, , , ,65, ,18.3, ,60, ,15.7, ,57, ,13.9, , 75, , 5, ,050, , , ,29.61, , , , , ,29.94, ,AA, , , ,29.95, 
94274,20120815,0853,12,CLR, ,10.00, , , ,69, ,20.6, ,61, ,16.3, ,56, ,13.3, , 63, , 8, ,020, , , ,29.62, , , , , ,29.95, ,AA, , , ,29.96, 
94274,20120815,0953,12,CLR, ,10.00, , , ,72, ,22.2, ,62, ,16.6, ,55, ,12.8, , 55, ,10, ,020, ,17, ,29.61, ,0, ,001, ,29.94, ,AA, , , ,29.95, 
94274,20120815,1053,12,CLR, ,10.00, , , ,75, ,23.9, ,63, ,17.0, ,54, ,12.2, , 48, ,13, ,020, , , ,29.61, , , , , ,29.94, ,AA, , , ,29.95, 
94274,20120815,1153,12,CLR, ,10.00, , , ,78, ,25.6, ,63, ,17.3, ,53, ,11.7, , 42, ,14, ,010, , , ,29.60, , , , , ,29.93, ,AA, , , ,29.94, 
94274,20120815,1253,12,CLR, ,10.00, , , ,80, ,26.7, ,63, ,17.4, ,52, ,11.1, , 38, ,13, ,010, , , ,29.59, ,8, ,008, ,29.92, ,AA, , , ,29.93, 
94274,20120815,1353,12,CLR, ,10.00, , , ,82, ,27.8, ,63, ,17.3, ,50, ,10.0, , 33, ,14, ,360, ,22, ,29.57, , , , , ,29.90, ,AA, , , ,29.91, 
94274,20120815,1453,12,CLR, ,10.00, , , ,83, ,28.3, ,64, ,17.5, ,50, ,10.0, , 32, ,13, ,020, ,21, ,29.56, , , , , ,29.89, ,AA, , , ,29.90, 
94274,20120815,1553,12,CLR, ,10.00, , , ,84, ,28.9, ,63, ,17.4, ,49, ,9.4, , 30, ,11, ,020, , , ,29.54, ,8, ,017, ,29.87, ,AA, , , ,29.88, 
94274,20120815,1653,12,CLR, ,10.00, , , ,81, ,27.2, ,64, ,17.6, ,52, ,11.1, , 37, , 9, ,020, , , ,29.52, , , , , ,29.85, ,AA, , , ,29.86, 
94274,20120815,1753,12,CLR, ,10.00, , , ,79, ,26.1, ,64, ,17.5, ,53, ,11.7, , 41, , 5, ,030, , , ,29.51, , , , , ,29.84, ,AA, , , ,29.85, 
94274,20120815,1853,12,CLR, ,10.00, , , ,77, ,25.0, ,62, ,16.8, ,52, ,11.1, , 42, , 8, ,020, , , ,29.52, ,5, ,007, ,29.85, ,AA, , , ,29.86, 
94274,20120815,1953,12,CLR, ,10.00, , , ,77, ,25.0, ,61, ,16.3, ,50, ,10.0, , 39, ,11, ,020, ,18, ,29.53, , , , , ,29.86, ,AA, , , ,29.87, 
94274,20120815,2053,12,CLR, ,10.00, , , ,75, ,23.9, ,61, ,15.9, ,50, ,10.0, , 42, , 7, ,030, , , ,29.54, , , , , ,29.87, ,AA, , , ,29.88, 
94274,20120815,2153,12,CLR, ,10.00, , , ,75, ,23.9, ,60, ,15.4, ,48, ,8.9, , 39, , 5, ,040, , , ,29.55, ,1, ,012, ,29.88, ,AA, , , ,29.89, 
94274,20120815,2253,12,CLR, ,10.00, , , ,73, ,22.8, ,59, ,15.2, ,49, ,9.4, , 43, , 6, ,040, , , ,29.56, , , , , ,29.89, ,AA, , , ,29.90, 
94274,20120815,2353,12,CLR, ,10.00, , , ,74, ,23.3, ,59, ,15.2, ,48, ,8.9, , 40, , 5, ,030, , , ,29.57, , , , , ,29.89, ,AA, , , ,29.91, 
94274,20120816,0053,12,CLR, ,10.00, , , ,73, ,22.8, ,59, ,15.0, ,48, ,8.9, , 41, , 5, ,030, , , ,29.56, ,0, ,002, ,29.88, ,AA, , , ,29.90, 
94274,20120816,0153,12,CLR, ,10.00, , , ,71, ,21.7, ,58, ,14.5, ,48, ,8.9, , 44, , 3, ,030, , , ,29.57, , , , , ,29.89, ,AA, , , ,29.91, 
94274,20120816,0253,12,CLR, ,10.00, , , ,70, ,21.1, ,58, ,14.3, ,48, ,8.9, , 46, , 5, ,030, , , ,29.57, , , , , ,29.89, ,AA, , , ,29.91, 
94274,20120816,0353,12,CLR, ,10.00, , , ,69, ,20.6, ,57, ,14.1, ,48, ,8.9, , 47, , 3, ,030, , , ,29.57, ,1, ,003, ,29.89, ,AA, , , ,29.91, 
94274,20120816,0453,12,CLR, ,10.00, , , ,64, ,17.8, ,56, ,13.2, ,49, ,9.4, , 58, , 0, ,000, , , ,29.58, , , , , ,29.90, ,AA, , , ,29.92, 
94274,20120816,0553,12,CLR, ,10.00, , , ,64, ,17.8, ,57, ,13.7, ,51, ,10.6, , 63, , 0, ,000, , , ,29.58, , , , , ,29.91, ,AA, , , ,29.92, 
94274,20120816,0653,12,CLR, ,10.00, , , ,68, ,20.0, ,59, ,14.9, ,52, ,11.1, , 57, , 5, ,020, , , ,29.60, ,3, ,009, ,29.92, ,AA, , , ,29.94, 
94274,20120816,0753,12,CLR, ,10.00, , , ,72, ,22.2, ,60, ,15.8, ,52, ,11.1, , 50, , 6, ,360, , , ,29.60, , , , , ,29.93, ,AA, , , ,29.94, 
94274,20120816,0853,12,CLR, ,10.00, , , ,74, ,23.3, ,60, ,15.7, ,50, ,10.0, , 43, , 8, ,020, , , ,29.61, , , , , ,29.93, ,AA, , , ,29.95, 
94274,20120816,0953,12,CLR, ,10.00, , , ,76, ,24.4, ,62, ,16.6, ,52, ,11.1, , 43, , 8, ,010, , , ,29.61, ,1, ,005, ,29.93, ,AA, , , ,29.95, 
94274,20120816,1053,12,CLR, ,10.00, , , ,82, ,27.8, ,65, ,18.1, ,53, ,11.7, , 37, , 8, ,360, , , ,29.60, , , , , ,29.92, ,AA, , , ,29.94, 
94274,20120816,1153,12,CLR, ,10.00, , , ,84, ,28.9, ,65, ,18.2, ,52, ,11.1, , 33, ,10, ,010, , , ,29.60, , , , , ,29.92, ,AA, , , ,29.94, 
94274,20120816,1253,12,CLR, ,10.00, , , ,88, ,31.1, ,66, ,18.7, ,51, ,10.6, , 28, , 8, ,010, , , ,29.59, ,6, ,007, ,29.91, ,AA, , , ,29.93, 
94274,20120816,1353,12,CLR, ,10.00, , , ,90, ,32.2, ,66, ,18.8, ,50, ,10.0, , 25, , 7, ,030, , , ,29.57, , , , , ,29.90, ,AA, , , ,29.91, 
94274,20120816,1453,12,CLR, ,10.00, , , ,89, ,31.7, ,67, ,19.4, ,53, ,11.7, , 29, , 5, ,060, , , ,29.56, , , , , ,29.88, ,AA, , , ,29.90, 
94274,20120816,1553,12,CLR, ,10.00, , , ,89, ,31.7, ,66, ,19.1, ,52, ,11.1, , 28, , 7, ,020, , , ,29.55, ,7, ,013, ,29.87, ,AA, , , ,29.89, 
94274,20120816,1653,12,CLR, ,10.00, , , ,89, ,31.7, ,66, ,18.6, ,50, ,10.0, , 26, , 5, ,030, , , ,29.54, , , , , ,29.87, ,AA, , , ,29.88, 
94274,20120816,1753,12,CLR, ,10.00, , , ,85, ,29.4, ,66, ,18.6, ,53, ,11.7, , 33, , 8, ,010, , , ,29.54, , , , , ,29.86, ,AA, , , ,29.88, 
94274,20120816,1853,12,CLR, ,10.00, , , ,82, ,27.8, ,65, ,18.1, ,53, ,11.7, , 37, , 6, ,010, , , ,29.54, ,6, ,003, ,29.86, ,AA, , , ,29.88, 
94274,20120816,1953,12,CLR, ,10.00, , , ,80, ,26.7, ,64, ,17.7, ,53, ,11.7, , 39, , 3, ,020, , , ,29.55, , , , , ,29.88, ,AA, , , ,29.89, 
94274,20120816,2053,12,CLR, ,10.00, , , ,76, ,24.4, ,63, ,17.2, ,54, ,12.2, , 47, , 5, ,330, , , ,29.57, , , , , ,29.90, ,AA, , , ,29.91, 
94274,20120816,2153,12,CLR, ,10.00, , , ,74, ,23.3, ,62, ,16.7, ,54, ,12.2, , 50, , 0, ,000, , , ,29.58, ,1, ,013, ,29.90, ,AA, , , ,29.92, 
94274,20120816,2253,12,CLR, ,10.00, , , ,71, ,21.7, ,63, ,17.0, ,57, ,13.9, , 61, , 5, ,260, , , ,29.58, , , , , ,29.91, ,AA, , , ,29.92, 
94274,20120816,2353,12,CLR, ,10.00, , , ,67, ,19.4, ,62, ,16.4, ,58, ,14.4, , 73, , 3, ,260, , , ,29.59, , , , , ,29.91, ,AA, , , ,29.93, 
94274,20120817,0053,12,CLR, ,10.00, , , ,65, ,18.3, ,60, ,15.7, ,57, ,13.9, , 75, , 0, ,000, , , ,29.60, ,3, ,007, ,29.92, ,AA, , , ,29.94, 
94274,20120817,0153,12,CLR, ,10.00, , , ,64, ,17.8, ,60, ,15.5, ,57, ,13.9, , 78, , 0, ,000, , , ,29.61, , , , , ,29.93, ,AA, , , ,29.95, 
94274,20120817,0253,12,CLR, ,10.00, , , ,62, ,16.7, ,59, ,14.7, ,56, ,13.3, , 81, , 0, ,000, , , ,29.62, , , , , ,29.94, ,AA, , , ,29.96, 
94274,20120817,0353,12,CLR, ,10.00, , , ,61, ,16.1, ,58, ,14.5, ,56, ,13.3, , 84, , 0, ,000, , , ,29.62, ,1, ,007, ,29.94, ,AA, , , ,29.96, 
94274,20120817,0453,12,CLR, ,10.00, , , ,60, ,15.6, ,57, ,13.9, ,55, ,12.8, , 84, , 0, ,000, , , ,29.62, , , , , ,29.95, ,AA, , , ,29.96, 
94274,20120817,0553,12,CLR, , 9.00, , , ,61, ,16.1, ,58, ,14.5, ,56, ,13.3, , 84, , 0, ,000, , , ,29.63, , , , , ,29.96, ,AA, , , ,29.97, 
94274,20120817,0653,12,CLR, , 9.00, , , ,63, ,17.2, ,59, ,14.9, ,56, ,13.3, , 78, , 0, ,000, , , ,29.64, ,3, ,008, ,29.97, ,AA, , , ,29.98, 
94274,20120817,0753,12,CLR, ,10.00, , , ,66, ,18.9, ,60, ,15.6, ,56, ,13.3, , 70, , 0, ,000, , , ,29.65, , , , , ,29.98, ,AA, , , ,29.99, 
94274,20120817,0853,12,CLR, ,10.00, , , ,70, ,21.1, ,62, ,16.8, ,57, ,13.9, , 64, , 3, ,VR , , , ,29.65, , , , , ,29.98, ,AA, , , ,29.99, 
94274,20120817,0953,12,CLR, ,10.00, , , ,73, ,22.8, ,63, ,17.4, ,57, ,13.9, , 57, , 3, ,240, , , ,29.65, ,0, ,001, ,29.98, ,AA, , , ,29.99, 
94274,20120817,1053,12,CLR, ,10.00, , , ,78, ,25.6, ,65, ,18.4, ,57, ,13.9, , 49, , 3, ,270, , , ,29.64, , , , , ,29.96, ,AA, , , ,29.98, 
94274,20120817,1153,12,CLR, ,10.00, , , ,80, ,26.7, ,66, ,19.1, ,58, ,14.4, , 47, , 0, ,000, , , ,29.63, , , , , ,29.96, ,AA, , , ,29.97, 
94274,20120817,1253,12,CLR, ,10.00, , , ,83, ,28.3, ,67, ,19.3, ,57, ,13.9, , 41, , 3, ,VR , , , ,29.62, ,8, ,009, ,29.95, ,AA, , , ,29.96, 
94274,20120817,1353,12,CLR, ,10.00, , , ,84, ,29.0, ,M, ,M, ,54, ,12.0, ,M, , 3, ,130, , , ,M, , , , , ,29.93, ,AA, , , ,29.95, 
94274,20120817,1354,12,CLR, ,10.00, , , ,85, ,29.4, ,66, ,18.6, ,53, ,11.7, , 33, , 3, ,130, , , ,29.61, , , , , ,29.93, ,AA, , , ,29.95, 
94274,20120817,1453,12,CLR, ,10.00, , , ,87, ,30.6, ,66, ,19.0, ,53, ,11.7, , 31, , 5, ,120, , , ,29.59, , , , , ,29.92, ,AA, , , ,29.93, 
94274,20120817,1553,12,CLR, ,10.00, , , ,89, ,31.7, ,66, ,18.9, ,51, ,10.6, , 27, , 0, ,000, , , ,29.58, ,8, ,013, ,29.91, ,AA, , , ,29.92, 
94274,20120817,1653,12,CLR, ,10.00, , , ,89, ,31.7, ,67, ,19.6, ,54, ,12.2, , 30, , 3, ,060, , , ,29.57, , , , , ,29.89, ,AA, , , ,29.91, 
94274,20120817,1753,12,CLR, ,10.00, , , ,86, ,30.0, ,67, ,19.6, ,56, ,13.3, , 36, , 6, ,040, , , ,29.56, , , , , ,29.89, ,AA, , , ,29.90, 
94274,20120817,1853,12,CLR, , 9.00, , , ,82, ,27.8, ,66, ,18.6, ,55, ,12.8, , 40, , 5, ,340, , , ,29.56, ,6, ,007, ,29.88, ,AA, , , ,29.90, 
94274,20120817,1953,12,CLR, ,10.00, , , ,76, ,24.4, ,66, ,18.6, ,59, ,15.0, , 56, ,10, ,260, , , ,29.57, , , , , ,29.90, ,AA, , , ,29.91, 
94274,20120817,2053,12,CLR, ,10.00, , , ,70, ,21.1, ,63, ,17.1, ,58, ,14.4, , 66, , 9, ,270, , , ,29.59, , , , , ,29.92, ,AA, , , ,29.93, 
94274,20120817,2153,12,CLR, ,10.00, , , ,67, ,19.4, ,62, ,16.4, ,58, ,14.4, , 73, , 8, ,260, , , ,29.59, ,1, ,011, ,29.92, ,AA, , , ,29.93, 
94274,20120817,2253,12,CLR, ,10.00, , , ,63, ,17.2, ,60, ,15.2, ,57, ,13.9, , 81, , 3, ,240, , , ,29.61, , , , , ,29.94, ,AA, , , ,29.95, 
94274,20120817,2353,12,CLR, ,10.00, , , ,61, ,16.1, ,59, ,14.8, ,57, ,13.9, , 87, , 7, ,240, , , ,29.63, , , , , ,29.96, ,AA, , , ,29.97, 
94274,20120818,0017,12,SCT006, ,10.00, , , ,61, ,16.0, ,58, ,14.2, ,55, ,13.0, , 81, , 5, ,230, , , ,29.64, , , , , ,M, ,SP, , , ,29.98, 
94274,20120818,0028,12,BKN006, ,10.00, , , ,61, ,16.0, ,59, ,14.8, ,57, ,14.0, , 87, , 7, ,250, , , ,29.64, , , , , ,M, ,SP, , , ,29.98, 
94274,20120818,0053,12,OVC006, ,10.00, , , ,60, ,15.6, ,58, ,14.6, ,57, ,13.9, , 90, , 6, ,220, , , ,29.64, ,1, ,017, ,29.97, ,AA, , , ,29.98, 
94274,20120818,0153,12,OVC006, ,10.00, , , ,60, ,15.6, ,58, ,14.2, ,56, ,13.3, , 87, , 6, ,250, , , ,29.64, , , , , ,29.97, ,AA, , , ,29.98, 
94274,20120818,0244,12,OVC004, ,10.00, , , ,59, ,15.0, ,57, ,13.7, ,55, ,13.0, , 87, , 7, ,200, , , ,29.65, , , , , ,M, ,SP, , , ,29.99, 
94274,20120818,0253,12,OVC004, ,10.00, , , ,59, ,15.0, ,57, ,14.0, ,56, ,13.3, , 90, , 9, ,220, , , ,29.66, , , , , ,29.98, ,AA, , , ,30.00, 
94274,20120818,0328,12,OVC006, ,10.00, , , ,59, ,15.0, ,57, ,13.7, ,55, ,13.0, , 87, , 7, ,200, , , ,29.66, , , , , ,M, ,SP, , , ,30.00, 
94274,20120818,0353,12,OVC006, ,10.00, , , ,59, ,15.0, ,57, ,14.0, ,56, ,13.3, , 90, , 8, ,240, , , ,29.65, ,0, ,002, ,29.98, ,AA, , , ,29.99, 
94274,20120818,0453,12,OVC006, ,10.00, , , ,59, ,15.0, ,57, ,14.0, ,56, ,13.3, , 90, , 3, ,190, , , ,29.65, , , , , ,29.98, ,AA, , , ,29.99, 
94274,20120818,0553,12,OVC006, , 9.00, , , ,58, ,14.4, ,57, ,13.8, ,56, ,13.3, , 93, , 5, ,170, , , ,29.64, , , , , ,29.97, ,AA, , , ,29.98, 
94274,20120818,0653,12,OVC006, , 8.00, , , ,58, ,14.4, ,57, ,13.8, ,56, ,13.3, , 93, , 3, ,180, , , ,29.66, ,3, ,003, ,29.99, ,AA, , , ,30.00, 
94274,20120818,0753,12,OVC006, , 9.00, , , ,59, ,15.0, ,57, ,14.0, ,56, ,13.3, , 90, , 5, ,210, , , ,29.65, , , , , ,29.98, ,AA, , , ,29.99, 
94274,20120818,0853,12,OVC006, ,10.00, , , ,60, ,15.6, ,58, ,14.2, ,56, ,13.3, , 87, , 6, ,170, , , ,29.65, , , , , ,29.98, ,AA, , , ,29.99, 
94274,20120818,0953,12,OVC006, ,10.00, , , ,61, ,16.1, ,58, ,14.5, ,56, ,13.3, , 84, ,10, ,200, , , ,29.66, ,5, ,000, ,29.99, ,AA, , , ,30.00, 
94274,20120818,1051,12,BKN012 BKN040, ,10.00, , , ,63, ,17.0, ,58, ,14.6, ,55, ,13.0, , 75, , 5, ,VR , , , ,29.65, , , , , ,M, ,SP, , , ,29.99, 
94274,20120818,1053,12,BKN012 BKN040, ,10.00, , , ,62, ,16.7, ,59, ,14.7, ,56, ,13.3, , 81, , 5, ,170, , , ,29.65, , , , , ,29.98, ,AA, , , ,29.99, 
94274,20120818,1151,12,SCT012 BKN040, ,10.00, , , ,63, ,17.0, ,60, ,15.2, ,57, ,14.0, , 81, , 7, ,170, , , ,29.65, , , , , ,M, ,SP, , , ,29.99, 
94274,20120818,1153,12,SCT012 BKN040, ,10.00, , , ,63, ,17.2, ,60, ,15.2, ,57, ,13.9, , 81, , 7, ,180, , , ,29.65, , , , , ,29.98, ,AA, , , ,29.99, 
94274,20120818,1253,12,CLR, ,10.00, , , ,65, ,18.3, ,60, ,15.7, ,57, ,13.9, , 75, , 8, ,190, , , ,29.64, ,8, ,006, ,29.97, ,AA, , , ,29.98, 
94274,20120818,1353,12,CLR, ,10.00, , , ,64, ,17.8, ,60, ,15.5, ,57, ,13.9, , 78, , 0, ,000, , , ,29.63, , , , , ,29.97, ,AA, , , ,29.97, 
94274,20120818,1453,12,CLR, ,10.00, , , ,66, ,18.9, ,61, ,15.9, ,57, ,13.9, , 73, , 0, ,000, , , ,29.63, , , , , ,29.96, ,AA, , , ,29.97, 
94274,20120818,1553,12,CLR, ,10.00, , , ,66, ,18.9, ,61, ,16.2, ,58, ,14.4, , 76, , 3, ,330, , , ,29.60, ,8, ,013, ,29.93, ,AA, , , ,29.94, 
94274,20120818,1653,12,CLR, ,10.00, , , ,67, ,19.4, ,62, ,16.4, ,58, ,14.4, , 73, , 8, ,360, , , ,29.57, , , , , ,29.90, ,AA, , , ,29.91, 
94274,20120818,1753,12,CLR, ,10.00, , , ,66, ,18.9, ,61, ,16.2, ,58, ,14.4, , 76, , 0, ,000, , , ,29.57, , , , , ,29.90, ,AA, , , ,29.91, 
94274,20120818,1853,12,CLR, ,10.00, , , ,64, ,17.8, ,60, ,15.8, ,58, ,14.4, , 81, , 5, ,VR , , , ,29.57, ,6, ,012, ,29.90, ,AA, , , ,29.91, 
94274,20120818,1953,12,CLR, ,10.00, , , ,62, ,16.7, ,60, ,15.3, ,58, ,14.4, , 87, , 7, ,230, , , ,29.59, , , , , ,29.93, ,AA, , , ,29.93, 
94274,20120818,2035,12,SCT007, ,10.00, , , ,63, ,17.0, ,60, ,15.2, ,57, ,14.0, , 81, , 3, ,200, , , ,29.60, , , , , ,M, ,SP, , , ,29.94, 
94274,20120818,2044,12,BKN007, ,10.00, , , ,63, ,17.0, ,60, ,15.2, ,57, ,14.0, , 81, , 7, ,200, , , ,29.60, , , , , ,M, ,SP, , , ,29.94, 
94274,20120818,2053,12,OVC007, ,10.00, , , ,62, ,16.7, ,60, ,15.3, ,58, ,14.4, , 87, , 8, ,210, , , ,29.60, , , , , ,29.94, ,AA, , , ,29.94, 
94274,20120818,2153,12,OVC007, ,10.00, , , ,62, ,16.7, ,60, ,15.3, ,58, ,14.4, , 87, , 6, ,240, , , ,29.61, ,1, ,014, ,29.94, ,AA, , , ,29.95, 
94274,20120818,2253,12,OVC007, , 8.00, , , ,61, ,16.1, ,59, ,15.1, ,58, ,14.4, , 90, , 6, ,240, , , ,29.62, , , , , ,29.96, ,AA, , , ,29.96, 
94274,20120818,2353,12,OVC007, ,10.00, , , ,60, ,15.6, ,58, ,14.2, ,56, ,13.3, , 87, , 6, ,220, , , ,29.64, , , , , ,29.98, ,AA, , , ,29.98, 
94274,20120819,0053,12,OVC007, ,10.00, , , ,60, ,15.6, ,58, ,14.2, ,56, ,13.3, , 87, , 6, ,VR , , , ,29.66, ,1, ,016, ,29.99, ,AA, , , ,30.00, 
94274,20120819,0151,12,OVC011, ,10.00, , , ,61, ,16.0, ,58, ,14.2, ,55, ,13.0, , 81, , 7, ,220, , , ,29.66, , , , , ,M, ,SP, , , ,30.00, 
94274,20120819,0153,12,OVC011, ,10.00, , , ,60, ,15.6, ,57, ,13.9, ,55, ,12.8, , 84, , 7, ,210, , , ,29.66, , , , , ,30.00, ,AA, , , ,30.00, 
94274,20120819,0253,12,OVC013, ,10.00, , , ,60, ,15.6, ,57, ,13.9, ,55, ,12.8, , 84, , 3, ,220, , , ,29.67, , , , , ,30.01, ,AA, , , ,30.01, 
94274,20120819,0314,12,OVC015, ,10.00, , , ,61, ,16.0, ,58, ,14.2, ,55, ,13.0, , 81, , 3, ,210, , , ,29.67, , , , , ,M, ,SP, , , ,30.01, 
94274,20120819,0353,12,OVC019, ,10.00, , , ,60, ,15.6, ,57, ,13.6, ,54, ,12.2, , 81, , 6, ,220, , , ,29.67, ,3, ,003, ,30.01, ,AA, , , ,30.01, 
94274,20120819,0453,12,OVC019, ,10.00, , , ,59, ,15.0, ,57, ,13.7, ,55, ,12.8, , 87, , 3, ,180, , , ,29.67, , , , , ,30.01, ,AA, , , ,30.01, 
94274,20120819,0553,12,OVC021, ,10.00, , , ,59, ,15.0, ,57, ,13.7, ,55, ,12.8, , 87, , 3, ,180, , , ,29.68, , , , , ,30.01, ,AA, , , ,30.02, 
94274,20120819,0653,12,OVC023, ,10.00, , , ,60, ,15.6, ,56, ,13.4, ,53, ,11.7, , 78, , 5, ,250, , , ,29.69, ,3, ,007, ,30.03, ,AA, , , ,30.03, 
94274,20120819,0753,12,BKN023 OVC031, ,10.00, , , ,61, ,16.1, ,57, ,13.9, ,54, ,12.2, , 78, , 3, ,230, , , ,29.70, , , , , ,30.03, ,AA, , , ,30.04, 
94274,20120819,0853,12,OVC025, ,10.00, , , ,62, ,16.7, ,57, ,13.8, ,53, ,11.7, , 73, , 3, ,160, , , ,29.71, , , , , ,30.04, ,AA, , , ,30.05, 
94274,20120819,0953,12,OVC029, ,10.00, , , ,63, ,17.2, ,57, ,14.1, ,53, ,11.7, , 70, , 7, ,170, , , ,29.71, ,1, ,005, ,30.04, ,AA, , , ,30.05, 
94274,20120819,1053,12,OVC028, ,10.00, , , ,65, ,18.3, ,58, ,14.5, ,53, ,11.7, , 65, , 7, ,170, , , ,29.71, , , , , ,30.04, ,AA, , , ,30.05, 
94274,20120819,1151,12,OVC031, ,10.00, , , ,66, ,19.0, ,59, ,15.0, ,54, ,12.0, , 65, , 5, ,170, , , ,29.71, , , , , ,M, ,SP, , , ,30.05, 
94274,20120819,1153,12,OVC031, ,10.00, , , ,66, ,18.9, ,59, ,14.8, ,53, ,11.7, , 63, , 6, ,180, , , ,29.71, , , , , ,30.04, ,AA, , , ,30.05, 
94274,20120819,1253,12,OVC031, ,10.00, , , ,66, ,18.9, ,59, ,14.7, ,53, ,11.7, , 63, , 5, ,160, , , ,29.70, ,8, ,003, ,30.03, ,AA, , , ,30.04, 
94274,20120819,1353,12,BKN031, ,10.00, , , ,68, ,20.0, ,59, ,15.2, ,53, ,11.7, , 59, , 5, ,140, , , ,29.69, , , , , ,30.02, ,AA, , , ,30.03, 
94274,20120819,1453,12,SCT031, ,10.00, , , ,71, ,21.7, ,61, ,16.1, ,54, ,12.2, , 55, , 7, ,150, , , ,29.67, , , , , ,30.01, ,AA, , , ,30.01, 
94274,20120819,1553,12,CLR, ,10.00, , , ,72, ,22.2, ,61, ,16.1, ,53, ,11.7, , 51, , 6, ,170, , , ,29.66, ,8, ,013, ,29.99, ,AA, , , ,30.00, 
94274,20120819,1653,12,SCT040, ,10.00, , , ,73, ,22.8, ,61, ,16.3, ,53, ,11.7, , 50, , 6, ,150, , , ,29.65, , , , , ,29.98, ,AA, , , ,29.99, 
94274,20120819,1753,12,SCT040, ,10.00, , , ,72, ,22.2, ,61, ,16.3, ,54, ,12.2, , 53, , 5, ,150, , , ,29.65, , , , , ,29.98, ,AA, , , ,29.99, 
94274,20120819,1853,12,SCT044, ,10.00, , , ,71, ,21.7, ,60, ,15.6, ,52, ,11.1, , 51, , 3, ,220, , , ,29.66, ,5, ,001, ,29.99, ,AA, , , ,30.00, 
94274,20120819,1953,12,CLR, ,10.00, , , ,66, ,18.9, ,59, ,15.0, ,54, ,12.2, , 65, , 0, ,000, , , ,29.68, , , , , ,30.02, ,AA, , , ,30.02, 
94274,20120819,2053,12,CLR, ,10.00, , , ,64, ,17.8, ,57, ,14.0, ,52, ,11.1, , 65, , 0, ,000, , , ,29.70, , , , , ,30.03, ,AA, , , ,30.04, 
94274,20120819,2153,12,CLR, ,10.00, , , ,61, ,16.1, ,57, ,13.9, ,54, ,12.2, , 78, , 3, ,300, , , ,29.71, ,1, ,016, ,30.04, ,AA, , , ,30.05, 
94274,20120819,2253,12,OVC040, ,10.00, , , ,60, ,15.6, ,57, ,13.6, ,54, ,12.2, , 81, , 0, ,000, , , ,29.70, , , , , ,30.04, ,AA, , , ,30.04, 
94274,20120819,2353,12,OVC042, ,10.00, , , ,60, ,15.6, ,56, ,13.4, ,53, ,11.7, , 78, , 0, ,000, , , ,29.71, , , , , ,30.04, ,AA, , , ,30.05, 
94274,20120820,0053,12,OVC044, ,10.00, , , ,60, ,15.6, ,56, ,13.4, ,53, ,11.7, , 78, , 0, ,000, , , ,29.72, ,3, ,004, ,30.05, ,AA, , , ,30.06, 
94274,20120820,0153,12,OVC044, ,10.00, , , ,60, ,15.6, ,56, ,13.4, ,53, ,11.7, , 78, , 0, ,000, , , ,29.72, , , , , ,30.05, ,AA, , , ,30.06, 
94274,20120820,0253,12,OVC048, ,10.00, , , ,60, ,15.6, ,56, ,13.4, ,53, ,11.7, , 78, , 0, ,000, , , ,29.73, , , , , ,30.06, ,AA, , , ,30.07, 
94274,20120820,0353,12,BKN050, ,10.00, , , ,59, ,15.0, ,56, ,13.1, ,53, ,11.7, , 81, , 0, ,000, , , ,29.71, ,8, ,004, ,30.03, ,AA, , , ,30.05, 
94274,20120820,0453,12,CLR, ,10.00, , , ,58, ,14.4, ,55, ,12.9, ,53, ,11.7, , 84, , 0, ,000, , , ,29.70, , , , , ,30.03, ,AA, , , ,30.04, 
94274,20120820,0553,12,CLR, , 8.00, , , ,57, ,13.9, ,55, ,12.9, ,54, ,12.2, , 90, , 0, ,000, , , ,29.70, , , , , ,30.03, ,AA, , , ,30.04, 
94274,20120820,0653,12,CLR, ,10.00, , , ,58, ,14.4, ,56, ,13.2, ,54, ,12.2, , 87, , 0, ,000, , , ,29.70, ,6, ,001, ,30.03, ,AA, , , ,30.04, 
94274,20120820,0753,12,CLR, ,10.00, , , ,62, ,16.7, ,58, ,14.4, ,55, ,12.8, , 78, , 0, ,000, , , ,29.71, , , , , ,30.04, ,AA, , , ,30.05, 
94274,20120820,0853,12,CLR, ,10.00, , , ,64, ,17.8, ,58, ,14.6, ,54, ,12.2, , 70, , 3, ,240, , , ,29.71, , , , , ,30.05, ,AA, , , ,30.05, 
94274,20120820,0953,12,CLR, ,10.00, , , ,64, ,17.8, ,58, ,14.6, ,54, ,12.2, , 70, , 5, ,230, , , ,29.72, ,3, ,007, ,30.06, ,AA, , , ,30.06, 
94274,20120820,1053,12,CLR, ,10.00, , , ,68, ,20.0, ,60, ,15.5, ,54, ,12.2, , 61, , 0, ,000, , , ,29.70, , , , , ,30.04, ,AA, , , ,30.04, 
94274,20120820,1153,12,CLR, ,10.00, , , ,72, ,22.2, ,61, ,15.8, ,52, ,11.1, , 50, , 6, ,280, , , ,29.69, , , , , ,30.02, ,AA, , , ,30.03, 
94274,20120820,1253,12,CLR, ,10.00, , , ,74, ,23.3, ,61, ,16.2, ,52, ,11.1, , 46, , 0, ,000, , , ,29.68, ,6, ,013, ,30.01, ,AA, , , ,30.02, 
94274,20120820,1353,12,CLR, ,10.00, , , ,74, ,23.3, ,61, ,16.2, ,52, ,11.1, , 46, , 6, ,290, , , ,29.67, , , , , ,30.00, ,AA, , , ,30.01, 
94274,20120820,1453,12,CLR, ,10.00, , , ,75, ,23.9, ,61, ,15.9, ,50, ,10.0, , 42, , 0, ,000, , , ,29.65, , , , , ,29.98, ,AA, , , ,29.99, 
94274,20120820,1553,12,CLR, ,10.00, , , ,77, ,25.0, ,62, ,16.6, ,51, ,10.6, , 40, , 5, ,240, , , ,29.64, ,6, ,014, ,29.97, ,AA, , , ,29.98, 
94274,20120820,1653,12,CLR, ,10.00, , , ,76, ,24.4, ,61, ,16.1, ,50, ,10.0, , 40, , 3, ,230, , , ,29.63, , , , , ,29.96, ,AA, , , ,29.97, 
94274,20120820,1753,12,CLR, ,10.00, , , ,75, ,23.9, ,60, ,15.6, ,49, ,9.4, , 40, , 3, ,230, , , ,29.61, , , , , ,29.94, ,AA, , , ,29.95, 
94274,20120820,1853,12,CLR, ,10.00, , , ,74, ,23.3, ,61, ,15.9, ,51, ,10.6, , 45, , 0, ,000, , , ,29.61, ,6, ,012, ,29.94, ,AA, , , ,29.95, 
94274,20120820,1953,12,CLR, ,10.00, , , ,70, ,21.1, ,60, ,15.6, ,53, ,11.7, , 55, , 5, ,VR , , , ,29.62, , , , , ,29.95, ,AA, , , ,29.96, 
94274,20120820,2053,12,CLR, ,10.00, , , ,66, ,18.9, ,59, ,15.0, ,54, ,12.2, , 65, , 3, ,280, , , ,29.63, , , , , ,29.96, ,AA, , , ,29.97, 
94274,20120820,2153,12,CLR, ,10.00, , , ,65, ,18.3, ,58, ,14.5, ,53, ,11.7, , 65, , 0, ,000, , , ,29.63, ,1, ,009, ,29.97, ,AA, , , ,29.97, 
94274,20120820,2253,12,CLR, ,10.00, , , ,63, ,17.2, ,57, ,14.1, ,53, ,11.7, , 70, , 0, ,000, , , ,29.64, , , , , ,29.97, ,AA, , , ,29.98, 
94274,20120820,2353,12,CLR, ,10.00, , , ,61, ,16.1, ,57, ,13.6, ,53, ,11.7, , 75, , 0, ,000, , , ,29.65, , , , , ,29.98, ,AA, , , ,29.99, 
94274,20120821,0053,12,CLR, ,10.00, , , ,60, ,15.6, ,56, ,13.1, ,52, ,11.1, , 75, , 0, ,000, , , ,29.65, ,1, ,004, ,29.98, ,AA, , , ,29.99, 
94274,20120821,0153,12,CLR, ,10.00, , , ,59, ,15.0, ,56, ,13.1, ,53, ,11.7, , 81, , 0, ,000, , , ,29.65, , , , , ,29.98, ,AA, , , ,29.99, 
94274,20120821,0253,12,BKN046, ,10.00, , , ,58, ,14.4, ,55, ,12.9, ,53, ,11.7, , 84, , 0, ,000, , , ,29.65, , , , , ,29.98, ,AA, , , ,29.99, 
94274,20120821,0353,12,FEW046, ,10.00, , , ,56, ,13.3, ,54, ,12.1, ,52, ,11.1, , 87, , 0, ,000, , , ,29.65, ,8, ,001, ,29.98, ,AA, , , ,29.99, 
94274,20120821,0453,12,OVC044, ,10.00, , , ,57, ,13.9, ,55, ,12.6, ,53, ,11.7, , 87, , 0, ,000, , , ,29.65, , , , , ,29.98, ,AA, , , ,29.99, 
94274,20120821,0553,12,OVC040, , 9.00, , , ,57, ,13.9, ,55, ,12.6, ,53, ,11.7, , 87, , 3, ,230, , , ,29.65, , , , , ,29.98, ,AA, , , ,29.99, 
94274,20120821,0653,12,OVC036, , 8.00, , , ,57, ,13.9, ,55, ,12.6, ,53, ,11.7, , 87, , 7, ,180, , , ,29.67, ,3, ,007, ,30.00, ,AA, , , ,30.01, 
94274,20120821,0753,12,OVC036, , 9.00, , , ,59, ,15.0, ,56, ,13.1, ,53, ,11.7, , 81, , 6, ,220, , , ,29.67, , , , , ,30.01, ,AA, , , ,30.01, 
94274,20120821,0800,12,OVC009, , 9.00, , , ,57, ,14.0, ,55, ,12.9, ,54, ,12.0, , 90, , 6, ,200, , , ,29.67, , , , , ,M, ,SP, , , ,30.01, 
94274,20120821,0851,12,OVC011, ,10.00, , , ,61, ,16.0, ,57, ,13.9, ,54, ,12.0, , 78, , 6, ,190, , , ,29.68, , , , , ,M, ,SP, , , ,30.02, 
94274,20120821,0853,12,OVC011, ,10.00, , , ,60, ,15.6, ,56, ,13.4, ,53, ,11.7, , 78, , 5, ,170, , , ,29.68, , , , , ,30.01, ,AA, , , ,30.02, 
94274,20120821,0953,12,BKN011, ,10.00, , , ,64, ,17.8, ,58, ,14.3, ,53, ,11.7, , 68, , 8, ,210, , , ,29.68, ,1, ,005, ,30.01, ,AA, , , ,30.02, 
94274,20120821,1000,12,CLR, ,10.00, , , ,64, ,18.0, ,57, ,14.0, ,52, ,11.0, , 65, , 8, ,210, , , ,29.68, , , , , ,M, ,SP, , , ,30.02, 
94274,20120821,1028,12,SCT021, ,10.00, , , ,66, ,19.0, ,59, ,15.0, ,54, ,12.0, , 65, , 9, ,240, , , ,29.68, , , , , ,M, ,SP, , , ,30.02, 
94274,20120821,1053,12,FEW023, ,10.00, , , ,67, ,19.4, ,59, ,14.7, ,52, ,11.1, , 59, ,11, ,220, ,16, ,29.68, , , , , ,30.02, ,AA, , , ,30.02, 
94274,20120821,1153,12,BKN030, ,10.00, , , ,69, ,20.6, ,59, ,15.1, ,52, ,11.1, , 55, , 8, ,150, , , ,29.68, , , , , ,30.01, ,AA, , , ,30.02, 
94274,20120821,1253,12,BKN050, ,10.00, , , ,67, ,19.4, ,59, ,14.7, ,52, ,11.1, , 59, , 8, ,180, , , ,29.68, ,3, ,001, ,30.02, ,AA, , , ,30.02, 
94274,20120821,1353,12,OVC055, ,10.00, , , ,68, ,20.0, ,59, ,14.9, ,52, ,11.1, , 57, , 9, ,180, , , ,29.68, , , , , ,30.01, ,AA, , , ,30.02, 
94274,20120821,1453,12,BKN060, ,10.00, , , ,71, ,21.7, ,60, ,15.3, ,51, ,10.6, , 49, , 9, ,180, , , ,29.67, , , , , ,30.01, ,AA, , , ,30.01, 
94274,20120821,1553,12,SCT049 BKN075, ,10.00, , , ,73, ,22.8, ,59, ,15.2, ,49, ,9.4, , 43, ,10, ,220, , , ,29.68, ,5, ,002, ,30.01, ,AA, , , ,30.02, 
94274,20120821,1653,12,BKN080, ,10.00, , , ,69, ,20.6, ,59, ,14.9, ,51, ,10.6, , 53, , 9, ,220, , , ,29.68, , , , , ,30.01, ,AA, , , ,30.02, 
94274,20120821,1753,12,BKN080, ,10.00, , , ,68, ,20.0, ,58, ,14.4, ,50, ,10.0, , 53, , 6, ,210, , , ,29.67, , , , , ,30.01, ,AA, , , ,30.01, 
94274,20120821,1853,12,OVC080, ,10.00, , , ,67, ,19.4, ,57, ,13.9, ,49, ,9.4, , 53, , 0, ,000, , , ,29.68, ,3, ,000, ,30.01, ,AA, , , ,30.02, 
94274,20120821,1953,12,BKN042 OVC080, ,10.00, , , ,64, ,17.8, ,58, ,14.3, ,53, ,11.7, , 68, , 0, ,000, , , ,29.70, , , , , ,30.03, ,AA, , , ,30.04, 
94274,20120821,2053,12,CLR, ,10.00, , , ,61, ,16.1, ,57, ,13.6, ,53, ,11.7, , 75, , 0, ,000, , , ,29.70, , , , , ,30.04, ,AA, , , ,30.04, 
94274,20120821,2153,12,CLR, ,10.00, , , ,59, ,15.0, ,55, ,12.8, ,52, ,11.1, , 78, , 0, ,000, , , ,29.71, ,1, ,011, ,30.04, ,AA, , , ,30.05, 
94274,20120821,2253,12,CLR, ,10.00, , , ,58, ,14.4, ,54, ,12.3, ,51, ,10.6, , 78, , 0, ,000, , , ,29.71, , , , , ,30.04, ,AA, , , ,30.05, 
94274,20120821,2353,12,BKN039, ,10.00, , , ,58, ,14.4, ,55, ,12.6, ,52, ,11.1, , 81, , 3, ,190, , , ,29.71, , , , , ,30.05, ,AA, , , ,30.05, 
94274,20120822,0053,12,OVC043, ,10.00, , , ,57, ,13.9, ,54, ,12.3, ,52, ,11.1, , 83, , 0, ,000, , , ,29.72, ,3, ,003, ,30.05, ,AA, , , ,30.06, 
94274,20120822,0153,12,OVC045, ,10.00, , , ,56, ,13.3, ,54, ,12.1, ,52, ,11.1, , 87, , 6, ,170, , , ,29.73, , , , , ,30.06, ,AA, , , ,30.07, 
94274,20120822,0253,12,FEW026, ,10.00, , , ,54, ,12.2, ,52, ,11.0, ,50, ,10.0, , 86, , 3, ,180, , , ,29.74, , , , , ,30.07, ,AA, , , ,30.08, 
94274,20120822,0306,12,BKN026, ,10.00, , , ,54, ,12.0, ,53, ,11.6, ,52, ,11.0, , 93, , 3, ,180, , , ,29.74, , , , , ,M, ,SP, , , ,30.08, 
94274,20120822,0353,12,OVC026, ,10.00, , , ,56, ,13.3, ,53, ,11.8, ,51, ,10.6, , 83, , 5, ,180, , , ,29.74, ,1, ,008, ,30.08, ,AA, , , ,30.08, 
94274,20120822,0453,12,OVC018, ,10.00, , , ,56, ,13.3, ,53, ,11.8, ,51, ,10.6, , 83, , 6, ,200, , , ,29.75, , , , , ,30.09, ,AA, , , ,30.09, 
94274,20120822,0553,12,OVC018, ,10.00, , , ,56, ,13.3, ,54, ,12.1, ,52, ,11.1, , 87, , 3, ,180, , , ,29.76, , , , , ,30.09, ,AA, , , ,30.10, 
94274,20120822,0631,12,FEW011 SCT020 OVC036, ,10.00, , , ,55, ,13.0, ,53, ,11.8, ,52, ,11.0, , 90, , 3, ,190, , , ,29.76, , , , , ,M, ,SP, , , ,30.10, 
94274,20120822,0640,12,BKN011 BKN020 OVC036, ,10.00, , , ,55, ,13.0, ,53, ,11.8, ,52, ,11.0, , 90, , 0, ,000, , , ,29.76, , , , , ,M, ,SP, , , ,30.10, 
94274,20120822,0653,12,BKN013 OVC020, ,10.00, , , ,56, ,13.3, ,54, ,12.1, ,52, ,11.1, , 87, , 3, ,180, , , ,29.76, ,1, ,007, ,30.10, ,AA, , , ,30.10, 
94274,20120822,0753,12,OVC014, ,10.00, , , ,57, ,13.9, ,54, ,12.3, ,52, ,11.1, , 83, , 0, ,000, , , ,29.77, , , , , ,30.11, ,AA, , , ,30.11, 
94274,20120822,0851,12,BKN018 BKN029 OVC043, ,10.00, , , ,61, ,16.0, ,56, ,13.3, ,52, ,11.0, , 72, , 0, ,000, , , ,29.78, , , , , ,M, ,SP, , , ,30.12, 
94274,20120822,0853,12,BKN018 BKN029 OVC043, ,10.00, , , ,60, ,15.6, ,56, ,13.1, ,52, ,11.1, , 75, , 0, ,000, , , ,29.78, , , , , ,30.11, ,AA, , , ,30.12, 
94274,20120822,0953,12,BKN018 BKN029 OVC043, ,10.00, , , ,61, ,16.1, ,56, ,13.0, ,51, ,10.6, , 70, , 3, ,160, , , ,29.78, ,3, ,006, ,30.12, ,AA, , , ,30.12, 
94274,20120822,1053,12,OVC029, ,10.00, , , ,62, ,16.7, ,56, ,13.3, ,51, ,10.6, , 67, , 3, ,VR , , , ,29.78, , , , , ,30.12, ,AA, , , ,30.12, 
94274,20120822,1153,12,SCT028, ,10.00, , , ,67, ,19.4, ,58, ,14.2, ,50, ,10.0, , 55, , 5, ,VR , , , ,29.77, , , , , ,30.11, ,AA, , , ,30.11, 
94274,20120822,1253,12,SCT033 SCT045, ,10.00, , , ,69, ,20.6, ,58, ,14.6, ,50, ,10.0, , 51, , 6, ,VR , , , ,29.77, ,8, ,006, ,30.10, ,AA, , , ,30.11, 
94274,20120822,1353,12,BKN040, ,10.00, , , ,68, ,20.0, ,58, ,14.1, ,49, ,9.4, , 51, , 3, ,080, , , ,29.76, , , , , ,30.09, ,AA, , , ,30.10, 
94274,20120822,1453,12,SCT040, ,10.00, , , ,71, ,21.7, ,58, ,14.5, ,48, ,8.9, , 44, , 5, ,VR , , , ,29.74, , , , , ,30.08, ,AA, , , ,30.08, 
94274,20120822,1553,12,SCT040, ,10.00, , , ,71, ,21.7, ,58, ,14.5, ,48, ,8.9, , 44, , 3, ,VR , , , ,29.74, ,6, ,009, ,30.07, ,AA, , , ,30.08, 
94274,20120822,1653,12,SCT045, ,10.00, , , ,70, ,21.1, ,57, ,14.1, ,47, ,8.3, , 44, , 6, ,VR , , , ,29.73, , , , , ,30.06, ,AA, , , ,30.07, 
94274,20120822,1753,12,FEW050, ,10.00, , , ,69, ,20.6, ,57, ,14.1, ,48, ,8.9, , 47, , 5, ,250, , , ,29.72, , , , , ,30.05, ,AA, , , ,30.06, 
94274,20120822,1853,12,CLR, ,10.00, , , ,64, ,17.8, ,56, ,13.2, ,49, ,9.4, , 58, , 6, ,330, , , ,29.71, ,6, ,009, ,30.05, ,AA, , , ,30.05, 
94274,20120822,1953,12,CLR, ,10.00, , , ,62, ,16.7, ,55, ,12.7, ,49, ,9.4, , 63, , 3, ,350, , , ,29.72, , , , , ,30.06, ,AA, , , ,30.06, 
94274,20120822,2053,12,BKN050, ,10.00, , , ,62, ,16.7, ,55, ,13.0, ,50, ,10.0, , 65, , 5, ,310, , , ,29.72, , , , , ,30.06, ,AA, , , ,30.06, 
94274,20120822,2153,12,OVC055, ,10.00, , , ,61, ,16.1, ,56, ,13.0, ,51, ,10.6, , 70, , 0, ,000, , , ,29.72, ,0, ,004, ,30.06, ,AA, , , ,30.06, 
94274,20120822,2253,12,OVC055, ,10.00, , , ,61, ,16.1, ,56, ,13.0, ,51, ,10.6, , 70, , 0, ,000, , , ,29.72, , , , , ,30.06, ,AA, , , ,30.06, 
94274,20120822,2353,12,OVC055, ,10.00, , , ,60, ,15.6, ,55, ,12.8, ,51, ,10.6, , 72, , 0, ,000, , , ,29.72, , , , , ,30.06, ,AA, , , ,30.06, 
94274,20120823,0053,12,OVC060, ,10.00, , , ,58, ,14.4, ,54, ,12.3, ,51, ,10.6, , 78, , 0, ,000, , , ,29.72, ,8, ,002, ,30.05, ,AA, , , ,30.06, 
94274,20120823,0153,12,OVC060, ,10.00, , , ,58, ,14.4, ,54, ,12.3, ,51, ,10.6, , 78, , 3, ,250, , , ,29.72, , , , , ,30.05, ,AA, , , ,30.06, 
94274,20120823,0253,12,OVC060, ,10.00, , , ,58, ,14.4, ,54, ,12.3, ,51, ,10.6, , 78, , 0, ,000, , , ,29.73, , , , , ,30.06, ,AA, , , ,30.07, 
94274,20120823,0353,12,BKN038 BKN050 OVC065, ,10.00, , , ,57, ,13.9, ,54, ,12.0, ,51, ,10.6, , 80, , 0, ,000, , , ,29.73, ,1, ,004, ,30.06, ,AA, , , ,30.07, 
94274,20120823,0453,12,BKN035 BKN048 OVC060, ,10.00, , , ,56, ,13.3, ,53, ,11.8, ,51, ,10.6, , 83, , 0, ,000, , , ,29.73, , , , , ,30.07, ,AA, , , ,30.07, 
94274,20120823,0553,12,BKN039 OVC065, ,10.00, , , ,56, ,13.3, ,53, ,11.8, ,51, ,10.6, , 83, , 0, ,000, , , ,29.74, , , , , ,30.08, ,AA, , , ,30.08, 
94274,20120823,0653,12,SCT042 BKN070, ,10.00, , , ,57, ,13.9, ,54, ,12.1, ,51, ,10.6, , 80, , 0, ,000, , , ,29.75, ,3, ,008, ,30.09, ,AA, , , ,30.09, 
94274,20120823,0701,12,BKN043 OVC065, ,10.00, , , ,57, ,14.0, ,54, ,12.3, ,52, ,11.0, , 83, , 3, ,230, , , ,29.75, , , , , ,M, ,SP, , , ,30.09, 
94274,20120823,0738,12,BKN028 OVC043, ,10.00, , , ,57, ,14.0, ,53, ,11.8, ,50, ,10.0, , 78, , 3, ,VR , , , ,29.76, , , , , ,M, ,SP, , , ,30.10, 
94274,20120823,0753,12,BKN027 OVC043, ,10.00, , , ,57, ,13.9, ,54, ,12.1, ,51, ,10.6, , 80, , 0, ,000, , , ,29.76, , , , , ,30.09, ,AA, , , ,30.10, 
94274,20120823,0853,12,BKN041 BKN050, ,10.00, , , ,57, ,13.9, ,53, ,11.8, ,50, ,10.0, , 78, , 3, ,140, , , ,29.76, , , , , ,30.09, ,AA, , , ,30.10, 
94274,20120823,0953,12,SCT016 SCT030 OVC039, ,10.00, , , ,59, ,15.0, ,55, ,12.5, ,51, ,10.6, , 75, , 5, ,130, , , ,29.76, ,1, ,003, ,30.10, ,AA, , , ,30.10, 
94274,20120823,1016,12,BKN027 BKN032 OVC045, ,10.00, , , ,59, ,15.0, ,54, ,12.3, ,50, ,10.0, , 72, , 3, ,150, , , ,29.76, , , , , ,M, ,SP, , , ,30.10, 
94274,20120823,1051,12,SCT025 OVC036, ,10.00, , , ,61, ,16.0, ,55, ,12.8, ,50, ,10.0, , 67, , 6, ,170, , , ,29.76, , , , , ,M, ,SP, , , ,30.10, 
94274,20120823,1053,12,BKN025 OVC036, ,10.00, , , ,61, ,16.1, ,55, ,12.8, ,50, ,10.0, , 67, , 5, ,170, , , ,29.76, , , , , ,30.10, ,AA, , , ,30.10, 
94274,20120823,1153,12,BKN025 OVC036, ,10.00, , , ,64, ,17.8, ,56, ,13.5, ,50, ,10.0, , 61, , 3, ,180, , , ,29.75, , , , , ,30.09, ,AA, , , ,30.09, 
94274,20120823,1200,12,FEW041, ,10.00, , , ,64, ,18.0, ,56, ,13.5, ,50, ,10.0, , 61, , 6, ,VR , , , ,29.75, , , , , ,M, ,SP, , , ,30.09, 
94274,20120823,1253,12,SCT060, ,10.00, , , ,68, ,20.0, ,58, ,14.1, ,49, ,9.4, , 51, , 5, ,VR , , , ,29.74, ,8, ,006, ,30.08, ,AA, , , ,30.08, 
94274,20120823,1353,12,CLR, ,10.00, , , ,70, ,21.1, ,57, ,14.1, ,47, ,8.3, , 44, , 7, ,VR , , , ,29.73, , , , , ,30.07, ,AA, , , ,30.07, 
94274,20120823,1453,12,SCT070, ,10.00, , , ,70, ,21.1, ,56, ,13.3, ,44, ,6.7, , 39, , 7, ,210, , , ,29.73, , , , , ,30.06, ,AA, , , ,30.07, 
94274,20120823,1553,12,BKN070, ,10.00, , , ,69, ,20.6, ,55, ,12.9, ,43, ,6.1, , 39, , 8, ,270, , , ,29.73, ,5, ,004, ,30.06, ,AA, , , ,30.07, 
94274,20120823,1653,12,BKN075, ,10.00, , , ,63, ,17.2, ,54, ,12.2, ,46, ,7.8, , 54, , 8, ,360, , , ,29.73, , , , , ,30.06, ,AA, , , ,30.07, 
94274,20120823,1753,12,CLR, ,10.00, , , ,61, ,16.1, ,53, ,11.7, ,46, ,7.8, , 58, , 8, ,010, , , ,29.73, , , , , ,30.06, ,AA, , , ,30.07, 
94274,20120823,1853,12,CLR, ,10.00, , , ,58, ,14.4, ,51, ,10.7, ,45, ,7.2, , 62, , 6, ,360, , , ,29.74, ,3, ,001, ,30.07, ,AA, , , ,30.08, 
94274,20120823,1953,12,CLR, ,10.00, , , ,57, ,13.9, ,51, ,10.4, ,45, ,7.2, , 64, , 0, ,000, , , ,29.76, , , , , ,30.10, ,AA, , , ,30.10, 
94274,20120823,2053,12,CLR, ,10.00, , , ,56, ,13.3, ,50, ,10.2, ,45, ,7.2, , 67, , 0, ,000, , , ,29.77, , , , , ,30.11, ,AA, , , ,30.11, 
94274,20120823,2153,12,CLR, ,10.00, , , ,57, ,13.9, ,51, ,10.4, ,45, ,7.2, , 64, , 0, ,000, , , ,29.78, ,1, ,014, ,30.11, ,AA, , , ,30.12, 
94274,20120823,2253,12,CLR, ,10.00, , , ,54, ,12.2, ,49, ,9.7, ,45, ,7.2, , 72, , 3, ,170, , , ,29.79, , , , , ,30.12, ,AA, , , ,30.13, 
94274,20120823,2353,12,CLR, ,10.00, , , ,52, ,11.1, ,48, ,8.9, ,44, ,6.7, , 74, , 5, ,170, , , ,29.80, , , , , ,30.13, ,AA, , , ,30.14, 
94274,20120824,0053,12,CLR, ,10.00, , , ,51, ,10.6, ,48, ,8.9, ,45, ,7.2, , 80, , 5, ,180, , , ,29.81, ,3, ,011, ,30.15, ,AA, , , ,30.15, 
94274,20120824,0153,12,CLR, ,10.00, , , ,52, ,11.1, ,49, ,9.4, ,46, ,7.8, , 80, , 3, ,180, , , ,29.81, , , , , ,30.15, ,AA, , , ,30.15, 
94274,20120824,0253,12,CLR, ,10.00, , , ,50, ,10.0, ,48, ,8.8, ,46, ,7.8, , 86, , 0, ,000, , , ,29.82, , , , , ,30.15, ,AA, , , ,30.16, 
94274,20120824,0353,12,CLR, ,10.00, , , ,52, ,11.1, ,49, ,9.4, ,46, ,7.8, , 80, , 0, ,000, , , ,29.82, ,3, ,005, ,30.16, ,AA, , , ,30.16, 
94274,20120824,0453,12,CLR, ,10.00, , , ,50, ,10.0, ,48, ,8.8, ,46, ,7.8, , 86, , 0, ,000, , , ,29.84, , , , , ,30.17, ,AA, , , ,30.18, 
94274,20120824,0553,12,CLR, , 9.00, , , ,49, ,9.4, ,48, ,8.6, ,46, ,7.8, , 89, , 0, ,000, , , ,29.85, , , , , ,30.19, ,AA, , , ,30.19, 
94274,20120824,0653,12,CLR, ,10.00, , , ,52, ,11.1, ,49, ,9.7, ,47, ,8.3, , 83, , 0, ,000, , , ,29.86, ,3, ,013, ,30.20, ,AA, , , ,30.20, 
94274,20120824,0753,12,CLR, ,10.00, , , ,54, ,12.2, ,50, ,10.2, ,47, ,8.3, , 77, , 3, ,170, , , ,29.88, , , , , ,30.22, ,AA, , , ,30.22, 
94274,20120824,0853,12,CLR, ,10.00, , , ,56, ,13.3, ,51, ,10.7, ,47, ,8.3, , 72, , 3, ,190, , , ,29.88, , , , , ,30.22, ,AA, , , ,30.22, 
94274,20120824,0953,12,BKN050, ,10.00, , , ,61, ,16.1, ,53, ,11.7, ,46, ,7.8, , 58, , 6, ,280, , , ,29.87, ,0, ,003, ,30.21, ,AA, , , ,30.21, 
94274,20120824,1053,12,CLR, ,10.00, , , ,63, ,17.2, ,54, ,11.9, ,45, ,7.2, , 52, , 5, ,VR , , , ,29.86, , , , , ,30.19, ,AA, , , ,30.20, 
94274,20120824,1153,12,CLR, ,10.00, , , ,66, ,18.9, ,54, ,12.4, ,44, ,6.7, , 45, , 8, ,350, , , ,29.84, , , , , ,30.17, ,AA, , , ,30.18, 
94274,20120824,1253,12,CLR, ,10.00, , , ,66, ,18.9, ,54, ,12.4, ,44, ,6.7, , 45, , 7, ,020, , , ,29.83, ,6, ,015, ,30.16, ,AA, , , ,30.17, 
94274,20120824,1353,12,CLR, ,10.00, , , ,68, ,20.0, ,55, ,12.9, ,44, ,6.7, , 42, , 9, ,030, , , ,29.80, , , , , ,30.14, ,AA, , , ,30.14, 
94274,20120824,1453,12,CLR, ,10.00, , , ,68, ,20.0, ,55, ,12.9, ,44, ,6.7, , 42, , 7, ,030, , , ,29.78, , , , , ,30.12, ,AA, , , ,30.12, 
94274,20120824,1553,12,CLR, ,10.00, , , ,69, ,20.6, ,54, ,12.2, ,40, ,4.4, , 35, ,10, ,350, , , ,29.76, ,6, ,021, ,30.10, ,AA, , , ,30.10, 
94274,20120824,1653,12,CLR, ,10.00, , , ,69, ,20.6, ,53, ,11.8, ,38, ,3.3, , 32, , 7, ,010, , , ,29.74, , , , , ,30.08, ,AA, , , ,30.08, 
94274,20120824,1753,12,CLR, ,10.00, , , ,66, ,18.9, ,54, ,12.2, ,43, ,6.1, , 43, ,13, ,010, , , ,29.73, , , , , ,30.06, ,AA, , , ,30.07, 
94274,20120824,1853,12,CLR, ,10.00, , , ,63, ,17.2, ,53, ,11.5, ,43, ,6.1, , 48, ,11, ,350, , , ,29.71, ,6, ,017, ,30.05, ,AA, , , ,30.05, 
94274,20120824,1953,12,CLR, ,10.00, , , ,62, ,16.7, ,53, ,11.5, ,44, ,6.7, , 52, , 9, ,010, , , ,29.72, , , , , ,30.06, ,AA, , , ,30.06, 
94274,20120824,2053,12,CLR, ,10.00, , , ,61, ,16.1, ,53, ,11.4, ,45, ,7.2, , 56, , 6, ,030, , , ,29.71, , , , , ,30.05, ,AA, , , ,30.05, 
94274,20120824,2153,12,CLR, ,10.00, , , ,60, ,15.6, ,52, ,11.2, ,45, ,7.2, , 58, , 5, ,050, , , ,29.69, ,8, ,006, ,30.03, ,AA, , , ,30.03, 
94274,20120824,2253,12,CLR, ,10.00, , , ,59, ,15.0, ,52, ,10.9, ,45, ,7.2, , 60, , 6, ,020, , , ,29.68, , , , , ,30.01, ,AA, , , ,30.02, 
94274,20120824,2353,12,CLR, ,10.00, , , ,58, ,14.4, ,51, ,10.7, ,45, ,7.2, , 62, , 6, ,010, , , ,29.66, , , , , ,29.99, ,AA, , , ,30.00, 
94274,20120825,0053,12,CLR, ,10.00, , , ,56, ,13.3, ,51, ,10.7, ,47, ,8.3, , 72, , 5, ,030, , , ,29.64, ,6, ,017, ,29.98, ,AA, , , ,29.98, 
94274,20120825,0153,12,CLR, ,10.00, , , ,55, ,12.8, ,51, ,10.4, ,47, ,8.3, , 75, , 6, ,020, , , ,29.62, , , , , ,29.96, ,AA, , , ,29.96, 
94274,20120825,0253,12,CLR, ,10.00, , , ,55, ,12.8, ,51, ,10.4, ,47, ,8.3, , 75, , 5, ,030, , , ,29.62, , , , , ,29.95, ,AA, , , ,29.96, 
94274,20120825,0353,12,CLR, ,10.00, , , ,55, ,12.8, ,51, ,10.4, ,47, ,8.3, , 75, , 8, ,020, , , ,29.60, ,6, ,013, ,29.93, ,AA, , , ,29.94, 
94274,20120825,0453,12,CLR, ,10.00, , , ,54, ,12.2, ,50, ,10.2, ,47, ,8.3, , 77, , 3, ,030, , , ,29.60, , , , , ,29.93, ,AA, , , ,29.94, 
94274,20120825,0553,12,CLR, ,10.00, , , ,54, ,12.2, ,50, ,10.2, ,47, ,8.3, , 77, , 0, ,000, , , ,29.59, , , , , ,29.93, ,AA, , , ,29.93, 
94274,20120825,0653,12,CLR, ,10.00, , , ,56, ,13.3, ,52, ,11.0, ,48, ,8.9, , 75, , 3, ,VR , , , ,29.59, ,5, ,003, ,29.93, ,AA, , , ,29.93, 
94274,20120825,0753,12,CLR, ,10.00, , , ,58, ,14.4, ,53, ,11.5, ,48, ,8.9, , 70, , 7, ,020, , , ,29.59, , , , , ,29.92, ,AA, , , ,29.93, 
94274,20120825,0853,12,CLR, ,10.00, , , ,62, ,16.7, ,55, ,12.7, ,49, ,9.4, , 63, , 8, ,340, , , ,29.57, , , , , ,29.91, ,AA, , , ,29.91, 
94274,20120825,0953,12,CLR, ,10.00, , , ,63, ,17.2, ,55, ,12.7, ,48, ,8.9, , 58, ,11, ,020, , , ,29.56, ,8, ,012, ,29.89, ,AA, , , ,29.90, 
94274,20120825,1053,12,CLR, ,10.00, , , ,66, ,18.9, ,56, ,13.1, ,47, ,8.3, , 51, , 7, ,020, , , ,29.54, , , , , ,29.88, ,AA, , , ,29.88, 
94274,20120825,1153,12,CLR, ,10.00, , , ,68, ,20.0, ,57, ,13.6, ,47, ,8.3, , 47, , 8, ,020, , , ,29.52, , , , , ,29.85, ,AA, , , ,29.86, 
94274,20120825,1253,12,CLR, ,10.00, , , ,71, ,21.7, ,58, ,14.3, ,47, ,8.3, , 43, , 8, ,040, , , ,29.50, ,8, ,020, ,29.83, ,AA, , , ,29.84, 
94274,20120825,1353,12,CLR, ,10.00, , , ,74, ,23.3, ,59, ,14.7, ,46, ,7.8, , 37, , 8, ,010, , , ,29.47, , , , , ,29.80, ,AA, , , ,29.81, 
94274,20120825,1453,12,CLR, ,10.00, , , ,76, ,24.4, ,60, ,15.6, ,48, ,8.9, , 37, , 3, ,VR , , , ,29.44, , , , , ,29.77, ,AA, , , ,29.78, 
94274,20120825,1553,12,CLR, ,10.00, , , ,76, ,24.4, ,61, ,15.8, ,49, ,9.4, , 39, , 5, ,040, , , ,29.43, ,6, ,023, ,29.76, ,AA, , , ,29.77, 
94274,20120825,1653,12,CLR, ,10.00, , , ,74, ,23.3, ,59, ,14.9, ,47, ,8.3, , 38, , 5, ,040, , , ,29.41, , , , , ,29.75, ,AA, , , ,29.75, 
94274,20120825,1753,12,CLR, ,10.00, , , ,71, ,21.7, ,58, ,14.5, ,48, ,8.9, , 44, , 6, ,050, , , ,29.41, , , , , ,29.74, ,AA, , , ,29.75, 
94274,20120825,1853,12,CLR, ,10.00, , , ,68, ,20.0, ,57, ,14.1, ,49, ,9.4, , 51, , 5, ,030, , , ,29.40, ,6, ,008, ,29.74, ,AA, , , ,29.74, 
94274,20120825,1953,12,CLR, ,10.00, , , ,64, ,17.8, ,55, ,12.9, ,48, ,8.9, , 56, , 5, ,340, , , ,29.41, , , , , ,29.75, ,AA, , , ,29.75, 
94274,20120825,2053,12,CLR, ,10.00, , , ,63, ,17.2, ,55, ,12.7, ,48, ,8.9, , 58, , 3, ,340, , , ,29.42, , , , , ,29.76, ,AA, , , ,29.76, 
94274,20120825,2153,12,CLR, ,10.00, , , ,61, ,16.1, ,54, ,11.9, ,47, ,8.3, , 60, , 3, ,250, , , ,29.43, ,1, ,008, ,29.76, ,AA, , , ,29.77, 
94274,20120825,2253,12,CLR, ,10.00, , , ,61, ,16.1, ,55, ,12.5, ,49, ,9.4, , 65, , 3, ,260, , , ,29.43, , , , , ,29.76, ,AA, , , ,29.77, 
94274,20120825,2353,12,CLR, ,10.00, , , ,61, ,16.1, ,55, ,12.5, ,49, ,9.4, , 65, , 0, ,000, , , ,29.43, , , , , ,29.77, ,AA, , , ,29.77, 
94274,20120826,0053,12,CLR, ,10.00, , , ,60, ,15.6, ,53, ,11.7, ,47, ,8.3, , 62, , 5, ,240, , , ,29.43, ,3, ,002, ,29.76, ,AA, , , ,29.77, 
94274,20120826,0153,12,CLR, , 9.00, , , ,58, ,14.4, ,52, ,11.2, ,47, ,8.3, , 67, , 0, ,000, , , ,29.44, , , , , ,29.77, ,AA, , , ,29.78, 
94274,20120826,0253,12,CLR, , 9.00, , , ,57, ,13.9, ,52, ,11.2, ,48, ,8.9, , 72, , 3, ,240, , , ,29.44, , , , , ,29.77, ,AA, , , ,29.78, 
94274,20120826,0353,12,CLR, ,10.00, , , ,55, ,12.8, ,52, ,11.0, ,49, ,9.4, , 80, , 3, ,240, , , ,29.44, ,0, ,002, ,29.77, ,AA, , , ,29.78, 
94274,20120826,0453,12,CLR, ,10.00, , , ,55, ,12.8, ,52, ,11.3, ,50, ,10.0, , 83, , 5, ,220, , , ,29.44, , , , , ,29.77, ,AA, , , ,29.78, 
94274,20120826,0553,12,CLR, , 8.00, , , ,54, ,12.2, ,52, ,11.3, ,51, ,10.6, , 90, , 5, ,200, , , ,29.45, , , , , ,29.78, ,AA, , , ,29.79, 
94274,20120826,0653,12,CLR, ,10.00, , , ,57, ,13.9, ,54, ,12.0, ,51, ,10.6, , 80, , 6, ,210, , , ,29.45, ,3, ,004, ,29.79, ,AA, , , ,29.79, 
94274,20120826,0753,12,CLR, ,10.00, , , ,58, ,14.4, ,54, ,12.3, ,51, ,10.6, , 78, , 6, ,220, , , ,29.46, , , , , ,29.79, ,AA, , , ,29.80, 
94274,20120826,0853,12,CLR, ,10.00, , , ,61, ,16.1, ,56, ,13.0, ,51, ,10.6, , 70, , 6, ,230, , , ,29.46, , , , , ,29.79, ,AA, , , ,29.80, 
94274,20120826,0953,12,CLR, ,10.00, , , ,63, ,17.2, ,56, ,13.5, ,51, ,10.6, , 65, , 9, ,240, , , ,29.46, ,2, ,003, ,29.80, ,AA, , , ,29.80, 
94274,20120826,1053,12,CLR, ,10.00, , , ,65, ,18.3, ,58, ,14.2, ,52, ,11.1, , 63, , 9, ,260, , , ,29.47, , , , , ,29.80, ,AA, , , ,29.81, 
94274,20120826,1153,12,CLR, ,10.00, , , ,66, ,18.9, ,58, ,14.5, ,52, ,11.1, , 61, , 7, ,220, , , ,29.47, , , , , ,29.80, ,AA, , , ,29.81, 
94274,20120826,1253,12,CLR, ,10.00, , , ,68, ,20.0, ,59, ,14.9, ,52, ,11.1, , 57, , 8, ,260, , , ,29.46, ,0, ,000, ,29.80, ,AA, , , ,29.80, 
94274,20120826,1353,12,CLR, ,10.00, , , ,65, ,18.3, ,57, ,14.0, ,51, ,10.6, , 61, ,11, ,250, , , ,29.48, , , , , ,29.81, ,AA, , , ,29.82, 
94274,20120826,1453,12,CLR, ,10.00, , , ,66, ,18.9, ,57, ,13.9, ,50, ,10.0, , 57, , 8, ,250, , , ,29.49, , , , , ,29.82, ,AA, , , ,29.83, 
94274,20120826,1553,12,CLR, ,10.00, , , ,66, ,18.9, ,57, ,13.9, ,50, ,10.0, , 57, , 7, ,VR , , , ,29.50, ,1, ,011, ,29.83, ,AA, , , ,29.84, 
94274,20120826,1653,12,CLR, ,10.00, , , ,65, ,18.3, ,56, ,13.4, ,49, ,9.4, , 56, , 5, ,260, , , ,29.50, , , , , ,29.84, ,AA, , , ,29.84, 
94274,20120826,1753,12,SCT120, ,10.00, , , ,64, ,17.8, ,56, ,13.2, ,49, ,9.4, , 58, , 3, ,250, , , ,29.52, , , , , ,29.85, ,AA, , , ,29.86, 
94274,20120826,1853,12,BKN110, ,10.00, , , ,62, ,16.7, ,55, ,12.7, ,49, ,9.4, , 63, , 7, ,260, , , ,29.55, ,3, ,016, ,29.88, ,AA, , , ,29.89, 
94274,20120826,1953,12,OVC060, ,10.00, , , ,61, ,16.1, ,56, ,13.0, ,51, ,10.6, , 70, , 0, ,000, , , ,29.58, , , , , ,29.91, ,AA, , , ,29.92, 
94274,20120826,2051,12,BKN019 OVC080, ,10.00, , , ,59, ,15.0, ,55, ,12.8, ,52, ,11.0, , 78, , 5, ,220, , , ,29.62, , , , , ,M, ,SP, , , ,29.96, 
94274,20120826,2053,12,BKN019 OVC080, ,10.00, , , ,59, ,15.0, ,55, ,12.8, ,52, ,11.1, , 78, , 0, ,000, , , ,29.62, , , , , ,29.95, ,AA, , , ,29.96, 
94274,20120826,2125,12,SCT021 BKN046 OVC075, ,10.00, , , ,59, ,15.0, ,56, ,13.4, ,54, ,12.0, , 84, , 5, ,270, , , ,29.61, , , , , ,M, ,SP, , , ,29.95, 
94274,20120826,2153,12,SCT021 BKN048 OVC070, ,10.00, , , ,58, ,14.4, ,56, ,13.2, ,54, ,12.2, , 87, , 6, ,260, , , ,29.63, ,1, ,027, ,29.96, ,AA, , , ,29.97, 
94274,20120826,2205,12,SCT013 BKN020 OVC075, ,10.00, , , ,57, ,14.0, ,55, ,12.9, ,54, ,12.0, , 90, , 3, ,260, , , ,29.64, , , , , ,M, ,SP, , , ,29.98, 
94274,20120826,2238,12,SCT015 BKN031 OVC050, ,10.00, , , ,57, ,14.0, ,55, ,12.9, ,54, ,12.0, , 90, , 0, ,000, , , ,29.64, , , , , ,M, ,SP, , , ,29.98, 
94274,20120826,2253,12,BKN031 OVC050, ,10.00, , , ,58, ,14.4, ,55, ,12.9, ,53, ,11.7, , 84, , 0, ,000, , , ,29.64, , , , , ,29.97, ,AA, , , ,29.98, 
94274,20120826,2324,12,BKN016 BKN033 OVC048, ,10.00, , , ,57, ,14.0, ,55, ,12.9, ,54, ,12.0, , 90, , 0, ,000, , , ,29.64, , , , , ,M, ,SP, , , ,29.98, 
94274,20120826,2353,12,OVC016, ,10.00, , , ,58, ,14.4, ,55, ,12.9, ,53, ,11.7, , 84, , 0, ,000, , , ,29.65, , , , , ,29.98, ,AA, , , ,29.99, 
94274,20120827,0014,12,OVC014, ,10.00, , , ,57, ,14.0, ,55, ,12.9, ,54, ,12.0, , 90, , 0, ,000, , , ,29.65, , , , , ,M, ,SP, , , ,29.99, 
94274,20120827,0053,12,BKN012 OVC050, ,10.00, , , ,58, ,14.4, ,55, ,12.9, ,53, ,11.7, , 84, , 0, ,000, , , ,29.65, ,1, ,009, ,29.99, ,AA, , , ,29.99, 
94274,20120827,0123,12,SCT012 BKN048, ,10.00, , , ,57, ,14.0, ,55, ,12.9, ,54, ,12.0, , 90, , 0, ,000, , , ,29.66, , , , , ,M, ,SP, , , ,30.00, 
94274,20120827,0149,12,BKN012, ,10.00, , , ,55, ,13.0, ,53, ,11.8, ,52, ,11.0, , 90, , 0, ,000, , , ,29.66, , , , , ,M, ,SP, , , ,30.00, 
94274,20120827,0153,12,BKN012, ,10.00, , , ,56, ,13.3, ,54, ,12.1, ,52, ,11.1, , 87, , 0, ,000, , , ,29.66, , , , , ,29.99, ,AA, , , ,30.00, 
94274,20120827,0253,12,BKN010 OVC014, ,10.00, , , ,58, ,14.4, ,55, ,12.9, ,53, ,11.7, , 84, , 0, ,000, , , ,29.68, , , , , ,30.01, ,AA, , , ,30.02, 
94274,20120827,0353,12,BKN010, ,10.00, , , ,57, ,13.9, ,54, ,12.3, ,52, ,11.1, , 83, , 0, ,000, , , ,29.68, ,3, ,006, ,30.01, ,AA, , , ,30.02, 
