94274,20111001,0053,12,CLR, ,10.00, , , ,52, ,11.1, ,49, ,9.6, ,47, ,8.3, , 83, , 3, ,010, , , ,29.54, ,3, ,003, ,29.88, ,AA, , , ,29.88, 
94274,20111001,0153,12,FEW090, ,10.00, , , ,51, ,10.6, ,49, ,9.4, ,47, ,8.3, , 86, , 5, ,010, , , ,29.52, , , , , ,29.86, ,AA, , , ,29.86, 
94274,20111001,0253,12,BKN048, ,10.00, , , ,51, ,10.6, ,49, ,9.4, ,47, ,8.3, , 86, , 0, ,000, , , ,29.53, , , , , ,29.86, ,AA, , , ,29.87, 
94274,20111001,0353,12,OVC032, ,10.00, , , ,50, ,10.0, ,48, ,9.1, ,47, ,8.3, , 90, , 0, ,000, , , ,29.53, ,5, ,002, ,29.87, ,AA, , , ,29.87, 
94274,20111001,0453,12,OVC032, ,10.00, , , ,50, ,10.0, ,48, ,9.1, ,47, ,8.3, , 90, , 0, ,000, , , ,29.55, , , , , ,29.89, ,AA, , , ,29.89, 
94274,20111001,0553,12,OVC034, ,10.00, , , ,51, ,10.6, ,49, ,9.4, ,47, ,8.3, , 86, , 0, ,000, , , ,29.54, , , , , ,29.88, ,AA, , , ,29.88, 
94274,20111001,0653,12,BKN038 OVC050, ,10.00, , , ,51, ,10.6, ,49, ,9.7, ,48, ,8.9, , 90, , 0, ,000, , , ,29.54, ,1, ,003, ,29.88, ,AA, , , ,29.88, 
94274,20111001,0753,12,OVC036, ,10.00, , , ,51, ,10.6, ,49, ,9.7, ,48, ,8.9, , 90, , 0, ,000, , , ,29.56, , , , , ,29.90, ,AA, , , ,29.90, 
94274,20111001,0850,12,SCT020 OVC029, , 7.00, ,BR, ,52, ,11.0, ,50, ,9.9, ,48, ,9.0, , 86, , 3, ,250, , , ,29.56, , , , , ,M, ,SP, , , ,29.90, 
94274,20111001,0853,12,BKN018 OVC029, , 2.00, ,BR, ,51, ,10.6, ,50, ,9.9, ,49, ,9.4, , 93, , 3, ,250, , , ,29.57, , , , , ,29.91, ,AA, ,  T, ,29.91, 
94274,20111001,0918,12,SCT004 BKN018 OVC025, , 2.00, ,BR, ,52, ,11.0, ,51, ,10.5, ,50, ,10.0, , 93, , 0, ,000, , , ,29.57, , , , , ,M, ,SP, , , ,29.91, 
94274,20111001,0926,12,BKN004 BKN007 OVC023, , 2.00, ,BR, ,52, ,11.0, ,51, ,10.5, ,50, ,10.0, , 93, , 0, ,000, , , ,29.57, , , , , ,M, ,SP, , , ,29.91, 
94274,20111001,0951,12,BKN004 OVC039, , 5.00, ,BR, ,52, ,11.0, ,51, ,10.5, ,50, ,10.0, , 93, , 0, ,000, , , ,29.57, , , , , ,M, ,SP, , , ,29.91, 
94274,20111001,0953,12,SCT004 OVC039, , 5.00, ,BR, ,51, ,10.6, ,50, ,10.2, ,50, ,10.0, , 96, , 0, ,000, , , ,29.57, ,1, ,002, ,29.91, ,AA, ,0.01, ,29.91, 
94274,20111001,0955,12,SCT004 BKN007 OVC039, , 5.00, ,BR, ,52, ,11.0, ,51, ,10.5, ,50, ,10.0, , 93, , 0, ,000, , , ,29.57, , , , , ,M, ,SP, , , ,29.91, 
94274,20111001,1053,12,BKN008 BKN034 OVC045, , 7.00, , , ,52, ,11.1, ,51, ,10.5, ,50, ,10.0, , 93, , 6, ,180, , , ,29.58, , , , , ,29.92, ,AA, , , ,29.92, 
94274,20111001,1127,12,BKN004 OVC013, , 2.50, ,-RA BR, ,52, ,11.0, ,52, ,11.1, ,52, ,11.0, ,100, , 5, ,VR , , , ,29.59, , , , , ,M, ,SP, , , ,29.93, 
94274,20111001,1153,12,BKN004 OVC009, , 2.50, ,-RA BR, ,52, ,11.1, ,51, ,10.8, ,51, ,10.6, , 96, , 3, ,VR , , , ,29.60, , , , , ,29.94, ,AA, ,  T, ,29.94, 
94274,20111001,1251,12,SCT004 OVC021, ,10.00, , , ,54, ,12.0, ,53, ,11.6, ,52, ,11.0, , 93, , 5, ,190, , , ,29.61, , , , , ,M, ,SP, , , ,29.95, 
94274,20111001,1253,12,BKN004 OVC021, ,10.00, , , ,54, ,12.2, ,53, ,11.6, ,52, ,11.1, , 93, , 3, ,190, , , ,29.61, ,1, ,014, ,29.95, ,AA, ,  T, ,29.95, 
94274,20111001,1259,12,FEW004 OVC023, ,10.00, , , ,55, ,13.0, ,54, ,12.4, ,54, ,12.0, , 96, , 7, ,170, , , ,29.60, , , , , ,M, ,SP, , , ,29.94, 
94274,20111001,1319,12,FEW006 BKN030 BKN035, ,10.00, , , ,55, ,13.0, ,54, ,12.4, ,54, ,12.0, , 96, , 9, ,180, , , ,29.61, , , , , ,M, ,SP, , , ,29.95, 
94274,20111001,1353,12,BKN035, ,10.00, , , ,57, ,13.9, ,54, ,12.3, ,52, ,11.1, , 83, , 7, ,180, , , ,29.61, , , , , ,29.95, ,AA, , , ,29.95, 
94274,20111001,1453,12,BKN035, ,10.00, , , ,59, ,15.0, ,54, ,12.3, ,50, ,10.0, , 72, , 7, ,230, , , ,29.62, , , , , ,29.96, ,AA, , , ,29.96, 
94274,20111001,1553,12,BKN042 OVC075, ,10.00, , , ,58, ,14.4, ,51, ,10.4, ,44, ,6.7, , 60, , 6, ,220, , , ,29.63, ,3, ,007, ,29.97, ,AA, , , ,29.97, 
94274,20111001,1653,12,BKN070, ,10.00, , , ,56, ,13.3, ,51, ,10.4, ,46, ,7.8, , 69, , 6, ,170, , , ,29.64, , , , , ,29.98, ,AA, , , ,29.98, 
94274,20111001,1753,12,SCT050 OVC070, ,10.00, , , ,57, ,13.9, ,51, ,10.7, ,46, ,7.8, , 67, , 6, ,190, , , ,29.63, , , , , ,29.96, ,AA, , , ,29.97, 
94274,20111001,1853,12,FEW055 OVC070, ,10.00, , , ,57, ,13.9, ,51, ,10.7, ,46, ,7.8, , 67, , 3, ,270, , , ,29.64, ,3, ,003, ,29.98, ,AA, , , ,29.98, 
94274,20111001,1953,12,BKN065, ,10.00, , , ,55, ,12.8, ,51, ,10.4, ,47, ,8.3, , 75, , 3, ,190, , , ,29.64, , , , , ,29.98, ,AA, , , ,29.98, 
94274,20111001,2053,12,FEW095, ,10.00, , , ,55, ,12.8, ,50, ,10.2, ,46, ,7.8, , 72, , 0, ,000, , , ,29.63, , , , , ,29.97, ,AA, , , ,29.97, 
94274,20111001,2153,12,CLR, ,10.00, , , ,54, ,12.2, ,50, ,10.2, ,47, ,8.3, , 77, , 0, ,000, , , ,29.63, ,8, ,004, ,29.97, ,AA, , , ,29.97, 
94274,20111001,2253,12,CLR, ,10.00, , , ,53, ,11.7, ,50, ,9.9, ,47, ,8.3, , 80, , 0, ,000, , , ,29.63, , , , , ,29.97, ,AA, , , ,29.97, 
94274,20111001,2353,12,FEW090, ,10.00, , , ,51, ,10.6, ,48, ,9.1, ,46, ,7.8, , 83, , 0, ,000, , , ,29.63, , , , , ,29.98, ,AA, , , ,29.97, 
94274,20111002,0053,12,FEW095, ,10.00, , , ,50, ,10.0, ,48, ,9.1, ,47, ,8.3, , 90, , 0, ,000, , , ,29.63, ,0, ,001, ,29.97, ,AA, , , ,29.97, 
94274,20111002,0153,12,SCT070 SCT095, ,10.00, , , ,49, ,9.4, ,48, ,8.8, ,47, ,8.3, , 93, , 0, ,000, , , ,29.62, , , , , ,29.96, ,AA, , , ,29.96, 
94274,20111002,0253,12,FEW070, ,10.00, , , ,48, ,8.9, ,48, ,8.6, ,47, ,8.3, , 96, , 0, ,000, , , ,29.62, , , , , ,29.96, ,AA, , , ,29.96, 
94274,20111002,0353,12,BKN060, ,10.00, , , ,50, ,10.0, ,49, ,9.4, ,48, ,8.9, , 93, , 3, ,020, , , ,29.61, ,7, ,005, ,29.95, ,AA, ,0.01, ,29.95, 
94274,20111002,0453,12,BKN060, ,10.00, , , ,50, ,10.0, ,49, ,9.4, ,48, ,8.9, , 93, , 0, ,000, , , ,29.60, , , , , ,29.94, ,AA, , , ,29.94, 
94274,20111002,0551,12,FEW007 OVC060, ,10.00, , , ,50, ,10.0, ,49, ,9.4, ,48, ,9.0, , 93, , 0, ,000, , , ,29.61, , , , , ,M, ,SP, , , ,29.95, 
94274,20111002,0553,12,FEW007 OVC060, ,10.00, , , ,50, ,10.0, ,49, ,9.4, ,48, ,8.9, , 93, , 0, ,000, , , ,29.61, , , , , ,29.95, ,AA, , , ,29.95, 
94274,20111002,0653,12,FEW008 BKN065, ,10.00, , , ,50, ,10.0, ,49, ,9.4, ,48, ,8.9, , 93, , 5, ,360, , , ,29.61, ,6, ,003, ,29.94, ,AA, , , ,29.95, 
94274,20111002,0753,12,SCT050 BKN060, ,10.00, , , ,52, ,11.1, ,50, ,9.9, ,48, ,8.9, , 86, , 0, ,000, , , ,29.61, , , , , ,29.95, ,AA, , , ,29.95, 
94274,20111002,0853,12,SCT042 BKN050, ,10.00, , , ,53, ,11.7, ,50, ,10.2, ,48, ,8.9, , 83, , 3, ,010, , , ,29.61, , , , , ,29.95, ,AA, , , ,29.95, 
94274,20111002,0953,12,BKN050, ,10.00, , , ,57, ,13.9, ,53, ,11.8, ,50, ,10.0, , 78, , 0, ,000, , , ,29.61, ,3, ,001, ,29.95, ,AA, , , ,29.95, 
94274,20111002,1053,12,BKN043, ,10.00, , , ,56, ,13.3, ,53, ,11.5, ,50, ,10.0, , 80, , 0, ,000, , , ,29.60, , , , , ,29.94, ,AA, , , ,29.94, 
94274,20111002,1153,12,SCT024 BKN090, ,10.00, , , ,59, ,15.0, ,54, ,12.3, ,50, ,10.0, , 72, , 0, ,000, , , ,29.59, , , , , ,29.93, ,AA, , , ,29.93, 
94274,20111002,1253,12,FEW024 SCT095, ,10.00, , , ,61, ,16.1, ,55, ,12.7, ,50, ,10.0, , 67, , 6, ,150, , , ,29.57, ,8, ,013, ,29.91, ,AA, , , ,29.91, 
94274,20111002,1353,12,SCT035 SCT110, ,10.00, , , ,62, ,16.7, ,56, ,13.3, ,51, ,10.6, , 67, , 6, ,220, , , ,29.56, , , , , ,29.90, ,AA, , , ,29.90, 
94274,20111002,1453,12,SCT036 SCT110, ,10.00, , , ,61, ,16.1, ,56, ,13.0, ,51, ,10.6, , 70, , 0, ,000, , , ,29.55, , , , , ,29.89, ,AA, , , ,29.89, 
94274,20111002,1553,12,OVC027, , 4.00, ,-RA, ,59, ,15.0, ,56, ,13.1, ,53, ,11.7, , 81, , 0, ,000, , , ,29.55, ,5, ,006, ,29.89, ,AA, ,0.13,s,29.89, 
94274,20111002,1556,12,BKN027 OVC033, , 1.75, ,+RA, ,57, ,14.0, ,55, ,12.9, ,54, ,12.0, , 90, , 0, ,000, , , ,29.55, , , , , ,M, ,SP, , , ,29.89, 
94274,20111002,1624,12,FEW017 BKN027 OVC070, , 3.00, ,-RA BR, ,57, ,14.0, ,56, ,13.2, ,55, ,13.0, , 93, , 5, ,VR , , , ,29.55, , , , , ,M, ,SP, , , ,29.89, 
94274,20111002,1651,12,FEW017 SCT022 BKN030, , 7.00, ,-RA, ,55, ,13.0, ,55, ,12.7, ,55, ,13.0, ,100, , 6, ,050, , , ,29.53, , , , , ,M, ,SP, , , ,29.87, 
94274,20111002,1653,12,FEW017 SCT022 BKN030, , 7.00, ,-RA, ,56, ,13.3, ,55, ,13.0, ,55, ,12.8, , 96, , 6, ,060, , , ,29.53, , , , , ,29.87, ,AA, ,0.10, ,29.87, 
94274,20111002,1753,12,BKN055 OVC070, ,10.00, ,-RA, ,57, ,13.9, ,55, ,12.9, ,54, ,12.2, , 90, , 5, ,120, , , ,29.53, , , , , ,29.87, ,AA, ,  T, ,29.87, 
94274,20111002,1853,12,OVC065, ,10.00, , , ,57, ,13.9, ,54, ,12.3, ,52, ,11.1, , 83, , 6, ,150, , , ,29.53, ,6, ,009, ,29.86, ,AA, ,0.01, ,29.87, 
94274,20111002,1953,12,BKN043 BKN050 OVC060, ,10.00, ,-RA, ,56, ,13.3, ,55, ,12.7, ,54, ,12.2, , 93, , 0, ,000, , , ,29.52, , , , , ,29.86, ,AA, ,  T, ,29.86, 
94274,20111002,2053,12,SCT039 OVC047, , 8.00, ,-RA, ,55, ,12.8, ,54, ,12.4, ,54, ,12.2, , 96, , 0, ,000, , , ,29.52, , , , , ,29.86, ,AA, ,0.03, ,29.86, 
94274,20111002,2153,12,OVC070, ,10.00, ,-RA, ,55, ,12.8, ,54, ,12.1, ,53, ,11.7, , 93, , 0, ,000, , , ,29.50, ,8, ,008, ,29.84, ,AA, ,0.02, ,29.84, 
94274,20111002,2253,12,BKN038 BKN050 OVC070, ,10.00, ,-RA, ,55, ,12.8, ,54, ,12.1, ,53, ,11.7, , 93, , 0, ,000, , , ,29.49, , , , , ,29.83, ,AA, ,0.01, ,29.83, 
94274,20111002,2353,12,FEW048 OVC065, ,10.00, ,-RA, ,55, ,12.8, ,54, ,12.1, ,53, ,11.7, , 93, , 0, ,000, , , ,29.47, , , , , ,29.81, ,AA, ,0.03, ,29.81, 
94274,20111003,0053,12,FEW050 SCT070 OVC080, ,10.00, ,-RA, ,55, ,12.8, ,54, ,12.1, ,53, ,11.7, , 93, , 0, ,000, , , ,29.47, ,6, ,011, ,29.80, ,AA, ,0.01, ,29.81, 
94274,20111003,0153,12,OVC065, ,10.00, ,-RA, ,54, ,12.2, ,53, ,11.6, ,52, ,11.1, , 93, , 3, ,190, , , ,29.47, , , , , ,29.81, ,AA, ,0.02, ,29.81, 
94274,20111003,0253,12,BKN075 OVC090, ,10.00, , , ,55, ,12.8, ,53, ,11.8, ,52, ,11.1, , 90, , 5, ,170, , , ,29.46, , , , , ,29.80, ,AA, ,  T, ,29.80, 
94274,20111003,0353,12,SCT047 BKN065 OVC090, ,10.00, , , ,55, ,12.8, ,53, ,11.8, ,52, ,11.1, , 90, , 5, ,160, , , ,29.48, ,3, ,003, ,29.81, ,AA, ,  T, ,29.82, 
94274,20111003,0453,12,OVC070, ,10.00, ,-RA, ,55, ,12.8, ,53, ,11.8, ,52, ,11.1, , 90, , 5, ,200, , , ,29.48, , , , , ,29.81, ,AA, ,0.01, ,29.82, 
94274,20111003,0553,12,BKN070 OVC095, ,10.00, , , ,54, ,12.2, ,53, ,11.6, ,52, ,11.1, , 93, , 0, ,000, , , ,29.47, , , , , ,29.80, ,AA, ,  T, ,29.81, 
94274,20111003,0653,12,SCT049 OVC060, , 9.00, ,-RA, ,54, ,12.2, ,53, ,11.9, ,53, ,11.7, , 96, , 0, ,000, , , ,29.48, ,5, ,000, ,29.81, ,AA, ,0.01, ,29.82, 
94274,20111003,0753,12,SCT049 SCT060 OVC070, ,10.00, , , ,54, ,12.2, ,53, ,11.9, ,53, ,11.7, , 96, , 3, ,200, , , ,29.49, , , , , ,29.83, ,AA, ,0.01, ,29.83, 
94274,20111003,0853,12,SCT050 SCT070 OVC085, ,10.00, , , ,56, ,13.3, ,54, ,12.1, ,52, ,11.1, , 87, , 6, ,190, , , ,29.49, , , , , ,29.83, ,AA, ,  T, ,29.83, 
94274,20111003,0953,12,SCT015 SCT050 BKN060, ,10.00, , , ,56, ,13.3, ,54, ,12.1, ,52, ,11.1, , 87, , 5, ,220, , , ,29.51, ,3, ,010, ,29.84, ,AA, , , ,29.85, 
94274,20111003,1053,12,SCT060, ,10.00, , , ,57, ,13.9, ,54, ,12.3, ,52, ,11.1, , 83, , 6, ,200, , , ,29.51, , , , , ,29.85, ,AA, , , ,29.85, 
94274,20111003,1153,12,CLR, ,10.00, , , ,59, ,15.0, ,55, ,12.8, ,52, ,11.1, , 78, , 6, ,210, , , ,29.51, , , , , ,29.85, ,AA, , , ,29.85, 
94274,20111003,1253,12,SCT019 SCT050 BKN080, ,10.00, , , ,60, ,15.6, ,55, ,12.5, ,50, ,10.0, , 70, , 8, ,210, , , ,29.50, ,8, ,000, ,29.84, ,AA, , , ,29.84, 
94274,20111003,1353,12,SCT025 SCT055 BKN085, ,10.00, , , ,60, ,15.6, ,54, ,12.0, ,48, ,8.9, , 65, , 9, ,210, , , ,29.50, , , , , ,29.83, ,AA, , , ,29.84, 
94274,20111003,1453,12,OVC060, ,10.00, , , ,60, ,15.6, ,54, ,12.0, ,48, ,8.9, , 65, , 7, ,200, , , ,29.49, , , , , ,29.83, ,AA, , , ,29.83, 
94274,20111003,1553,12,SCT060 SCT070 BKN100, ,10.00, , , ,60, ,15.6, ,54, ,12.0, ,48, ,8.9, , 65, , 8, ,200, , , ,29.49, ,6, ,004, ,29.83, ,AA, , , ,29.83, 
94274,20111003,1653,12,BKN100, ,10.00, , , ,59, ,15.0, ,53, ,11.7, ,48, ,8.9, , 67, , 5, ,230, , , ,29.49, , , , , ,29.82, ,AA, , , ,29.83, 
94274,20111003,1753,12,SCT037 BKN060 OVC100, ,10.00, , , ,56, ,13.3, ,51, ,10.7, ,47, ,8.3, , 72, , 9, ,270, , , ,29.49, , , , , ,29.83, ,AA, , , ,29.83, 
94274,20111003,1853,12,BKN035 BKN045 OVC060, , 9.00, ,-RA, ,53, ,11.7, ,50, ,10.2, ,48, ,8.9, , 83, , 3, ,210, , , ,29.50, ,3, ,002, ,29.84, ,AA, ,0.02,s,29.84, 
94274,20111003,1953,12,FEW049 OVC060, , 9.00, ,-RA, ,52, ,11.1, ,51, ,10.5, ,50, ,10.0, , 93, , 5, ,200, , , ,29.48, , , , , ,29.82, ,AA, ,0.12, ,29.82, 
94274,20111003,2053,12,OVC055, ,10.00, ,-RA, ,52, ,11.1, ,51, ,10.8, ,51, ,10.6, , 96, , 3, ,140, , , ,29.48, , , , , ,29.81, ,AA, ,0.04, ,29.82, 
94274,20111003,2153,12,OVC070, ,10.00, , , ,52, ,11.1, ,50, ,10.2, ,49, ,9.4, , 90, , 3, ,130, , , ,29.46, ,6, ,012, ,29.80, ,AA, ,  T, ,29.80, 
94274,20111003,2253,12,SCT021 BKN049 OVC120, ,10.00, , , ,52, ,11.1, ,51, ,10.5, ,50, ,10.0, , 93, , 5, ,120, , , ,29.46, , , , , ,29.80, ,AA, , , ,29.80, 
94274,20111003,2305,12,BKN023 BKN033 OVC120, ,10.00, , , ,52, ,11.0, ,51, ,10.5, ,50, ,10.0, , 93, , 3, ,140, , , ,29.45, , , , , ,M, ,SP, , , ,29.79, 
94274,20111003,2353,12,BKN023 BKN038, ,10.00, , , ,52, ,11.1, ,51, ,10.5, ,50, ,10.0, , 93, , 3, ,120, , , ,29.44, , , , , ,29.78, ,AA, , , ,29.78, 
94274,20111004,0002,12,SCT023, ,10.00, , , ,52, ,11.0, ,51, ,10.5, ,50, ,10.0, , 93, , 3, ,140, , , ,29.44, , , , , ,M, ,SP, , , ,29.78, 
94274,20111004,0011,12,BKN021, ,10.00, , , ,52, ,11.0, ,51, ,10.5, ,50, ,10.0, , 93, , 3, ,140, , , ,29.44, , , , , ,M, ,SP, , , ,29.78, 
94274,20111004,0020,12,FEW021, ,10.00, , , ,52, ,11.0, ,51, ,10.5, ,50, ,10.0, , 93, , 3, ,150, , , ,29.44, , , , , ,M, ,SP, , , ,29.78, 
94274,20111004,0053,12,FEW095, ,10.00, , , ,51, ,10.6, ,50, ,10.2, ,50, ,10.0, , 96, , 3, ,150, , , ,29.44, ,8, ,009, ,29.78, ,AA, , , ,29.78, 
94274,20111004,0153,12,FEW100, ,10.00, , , ,51, ,10.6, ,50, ,9.9, ,49, ,9.4, , 93, , 5, ,210, , , ,29.42, , , , , ,29.75, ,AA, , , ,29.76, 
94274,20111004,0253,12,SCT095, ,10.00, , , ,50, ,10.0, ,49, ,9.7, ,49, ,9.4, , 96, , 0, ,000, , , ,29.41, , , , , ,29.74, ,AA, ,0.01, ,29.75, 
94274,20111004,0353,12,BKN090, ,10.00, , , ,51, ,10.6, ,50, ,9.9, ,49, ,9.4, , 93, , 6, ,160, , , ,29.40, ,6, ,014, ,29.73, ,AA, ,  T, ,29.74, 
94274,20111004,0453,12,BKN065 OVC095, ,10.00, , , ,51, ,10.6, ,49, ,9.4, ,47, ,8.3, , 86, , 7, ,180, , , ,29.39, , , , , ,29.73, ,AA, ,  T, ,29.73, 
94274,20111004,0553,12,SCT085 OVC110, ,10.00, , , ,50, ,10.0, ,49, ,9.4, ,48, ,8.9, , 93, , 6, ,210, , , ,29.39, , , , , ,29.72, ,AA, , , ,29.73, 
94274,20111004,0653,12,FEW090 BKN110, ,10.00, , , ,50, ,10.0, ,49, ,9.4, ,48, ,8.9, , 93, , 3, ,120, , , ,29.37, ,8, ,007, ,29.71, ,AA, , , ,29.71, 
94274,20111004,0753,12,BKN090, ,10.00, , , ,51, ,10.6, ,48, ,9.1, ,46, ,7.8, , 83, , 3, ,160, , , ,29.36, , , , , ,29.70, ,AA, , , ,29.70, 
94274,20111004,0853,12,OVC080, ,10.00, , , ,52, ,11.1, ,49, ,9.4, ,46, ,7.8, , 80, , 3, ,150, , , ,29.34, , , , , ,29.68, ,AA, , , ,29.68, 
94274,20111004,0953,12,FEW070, ,10.00, , , ,55, ,12.8, ,51, ,10.4, ,47, ,8.3, , 75, , 6, ,170, , , ,29.32, ,8, ,017, ,29.66, ,AA, , , ,29.66, 
94274,20111004,1053,12,FEW070, ,10.00, , , ,57, ,13.9, ,52, ,10.9, ,47, ,8.3, , 69, , 3, ,170, , , ,29.30, , , , , ,29.64, ,AA, , , ,29.64, 
94274,20111004,1153,12,SCT032 BKN046, ,10.00, , , ,59, ,15.0, ,51, ,10.7, ,44, ,6.7, , 58, ,13, ,170, , , ,29.27, , , , , ,29.61, ,AA, , , ,29.61, 
94274,20111004,1253,12,FEW032 SCT050, ,10.00, , , ,61, ,16.1, ,52, ,10.9, ,43, ,6.1, , 52, ,11, ,170, ,17, ,29.24, ,8, ,027, ,29.58, ,AA, , , ,29.58, 
94274,20111004,1353,12,FEW055 SCT100, ,10.00, , , ,59, ,15.0, ,50, ,10.0, ,41, ,5.0, , 51, , 9, ,160, , , ,29.22, , , , , ,29.56, ,AA, , , ,29.56, 
94274,20111004,1453,12,OVC100, ,10.00, , , ,60, ,15.6, ,50, ,10.0, ,40, ,4.4, , 48, , 7, ,150, , , ,29.21, , , , , ,29.55, ,AA, , , ,29.55, 
94274,20111004,1553,12,SCT046 BKN055 BKN070, ,10.00, ,-RA, ,59, ,15.0, ,50, ,9.7, ,40, ,4.4, , 50, , 3, ,VR , , , ,29.18, ,8, ,020, ,29.52, ,AA, ,  T, ,29.52, 
94274,20111004,1653,12,BKN045 OVC055, ,10.00, ,-RA, ,56, ,13.3, ,50, ,9.9, ,44, ,6.7, , 64, , 6, ,180, , , ,29.18, , , , , ,29.52, ,AA, ,  T, ,29.52, 
94274,20111004,1753,12,BKN047 OVC060, ,10.00, ,-RA, ,53, ,11.7, ,50, ,9.9, ,47, ,8.3, , 80, , 0, ,000, , , ,29.18, , , , , ,29.51, ,AA, ,0.01, ,29.51, 
94274,20111004,1853,12,FEW050 OVC060, ,10.00, ,-RA, ,52, ,11.1, ,50, ,10.2, ,49, ,9.4, , 90, , 0, ,000, , , ,29.15, ,8, ,013, ,29.49, ,AA, ,0.01, ,29.49, 
94274,20111004,1953,12,OVC060, ,10.00, ,-RA, ,51, ,10.6, ,50, ,10.2, ,50, ,10.0, , 96, , 0, ,000, , , ,29.15, , , , , ,29.49, ,AA, ,0.01, ,29.49, 
94274,20111004,2053,12,OVC060, ,10.00, ,-RA, ,51, ,10.6, ,50, ,9.9, ,49, ,9.4, , 93, , 5, ,280, , , ,29.15, , , , , ,29.48, ,AA, ,0.01, ,29.48, 
94274,20111004,2153,12,OVC060, ,10.00, ,-RA, ,51, ,10.6, ,50, ,9.9, ,49, ,9.4, , 93, , 5, ,300, , , ,29.13, ,8, ,010, ,29.45, ,AA, ,0.02, ,29.46, 
94274,20111004,2253,12,OVC060, ,10.00, ,-RA, ,50, ,10.0, ,50, ,10.0, ,50, ,10.0, ,100, , 3, ,020, , , ,29.12, , , , , ,29.44, ,AA, ,0.01, ,29.45, 
94274,20111004,2353,12,OVC060, ,10.00, ,-RA, ,50, ,10.0, ,49, ,9.7, ,49, ,9.4, , 96, , 6, ,350, , , ,29.08, , , , , ,29.42, ,AA, ,0.02, ,29.42, 
94274,20111005,0053,12,OVC050, ,10.00, , , ,51, ,10.6, ,50, ,10.2, ,50, ,10.0, , 96, , 0, ,000, , , ,29.10, ,5, ,009, ,29.43, ,AA, ,0.01, ,29.43, 
94274,20111005,0153,12,SCT004 BKN040 OVC055, , 9.00, , , ,50, ,10.0, ,50, ,10.0, ,50, ,10.0, ,100, , 0, ,000, , , ,29.12, , , , , ,29.44, ,AA, ,0.02, ,29.45, 
94274,20111005,0253,12,FEW042 BKN049 OVC060, ,10.00, , , ,51, ,10.6, ,50, ,10.2, ,50, ,10.0, , 96, , 0, ,000, , , ,29.12, , , , , ,29.44, ,AA, ,0.01, ,29.45, 
94274,20111005,0307,12,SCT006 OVC047, ,10.00, ,-RA, ,52, ,11.0, ,51, ,10.5, ,50, ,10.0, , 93, , 0, ,000, , , ,29.12, , , , , ,M, ,SP, , , ,29.45, 
94274,20111005,0344,12,BKN006 OVC049, ,10.00, , , ,52, ,11.0, ,51, ,10.5, ,50, ,10.0, , 93, , 0, ,000, , , ,29.12, , , , , ,M, ,SP, , , ,29.45, 
94274,20111005,0353,12,SCT006 SCT010 OVC060, ,10.00, , , ,51, ,10.6, ,50, ,10.2, ,50, ,10.0, , 96, , 0, ,000, , , ,29.13, ,1, ,009, ,29.45, ,AA, ,  T, ,29.46, 
94274,20111005,0453,12,OVC070, ,10.00, , , ,51, ,10.6, ,50, ,9.9, ,49, ,9.4, , 93, , 7, ,200, , , ,29.13, , , , , ,29.45, ,AA, , , ,29.46, 
94274,20111005,0553,12,CLR, ,10.00, , , ,50, ,10.0, ,49, ,9.4, ,48, ,8.9, , 93, , 7, ,210, , , ,29.13, , , , , ,29.47, ,AA, , , ,29.47, 
94274,20111005,0653,12,BKN110, ,10.00, , , ,50, ,10.0, ,48, ,9.1, ,47, ,8.3, , 90, , 0, ,000, , , ,29.15, ,3, ,010, ,29.49, ,AA, , , ,29.49, 
94274,20111005,0753,12,FEW015 SCT050 SCT070, ,10.00, , , ,50, ,10.0, ,48, ,9.1, ,47, ,8.3, , 90, , 3, ,200, , , ,29.18, , , , , ,29.51, ,AA, ,  T, ,29.51, 
94274,20111005,0853,12,FEW015 BKN039, ,10.00, , , ,51, ,10.6, ,49, ,9.7, ,48, ,8.9, , 90, , 7, ,180, , , ,29.18, , , , , ,29.52, ,AA, , , ,29.52, 
94274,20111005,0953,12,BKN041 OVC055, ,10.00, , , ,52, ,11.1, ,49, ,9.6, ,47, ,8.3, , 83, , 6, ,200, , , ,29.18, ,1, ,013, ,29.52, ,AA, , , ,29.52, 
94274,20111005,0957,12,FEW015 SCT041 BKN055, ,10.00, , , ,52, ,11.0, ,49, ,9.4, ,46, ,8.0, , 80, , 5, ,200, , , ,29.18, , , , , ,M, ,SP, , , ,29.52, 
94274,20111005,1053,12,FEW015 SCT041 BKN055, ,10.00, , , ,53, ,11.7, ,50, ,9.9, ,47, ,8.3, , 80, , 7, ,190, , , ,29.21, , , , , ,29.54, ,AA, , , ,29.54, 
94274,20111005,1153,12,SCT020 OVC055, ,10.00, , , ,54, ,12.2, ,51, ,10.4, ,48, ,8.9, , 80, , 6, ,210, , , ,29.22, , , , , ,29.56, ,AA, , , ,29.56, 
94274,20111005,1253,12,SCT026 SCT055, ,10.00, , , ,54, ,12.2, ,50, ,10.2, ,47, ,8.3, , 77, , 6, ,200, , , ,29.22, ,1, ,012, ,29.56, ,AA, , , ,29.56, 
94274,20111005,1353,12,SCT060, ,10.00, , , ,54, ,12.2, ,50, ,10.2, ,47, ,8.3, , 77, , 3, ,170, , , ,29.24, , , , , ,29.58, ,AA, , , ,29.58, 
94274,20111005,1653,12,BKN050 OVC060, ,10.00, , , ,52, ,11.1, ,49, ,9.6, ,47, ,8.3, , 83, , 5, ,230, , , ,29.30, , , , , ,M, ,AA, ,0.01, ,29.64, 
94274,20111005,1753,12,FEW030 OVC050, ,10.00, ,-RA, ,50, ,10.0, ,48, ,9.1, ,47, ,8.3, , 90, , 0, ,000, , , ,29.32, , , , , ,M, ,AA, ,0.02, ,29.66, 
94274,20111005,1853,12,OVC060, ,10.00, ,-RA, ,50, ,10.0, ,48, ,9.1, ,47, ,8.3, , 90, , 0, ,000, , , ,29.35, , , , , ,M, ,AA, ,0.01, ,29.69, 
94274,20111005,1953,12,BKN043 OVC055, ,10.00, ,-RA, ,50, ,10.0, ,49, ,9.4, ,48, ,8.9, , 93, , 7, ,180, , , ,29.37, , , , , ,M, ,AA, ,0.01, ,29.71, 
94274,20111005,2053,12,OVC050, ,10.00, ,-RA, ,50, ,10.0, ,49, ,9.4, ,48, ,8.9, , 93, , 5, ,200, , , ,29.39, , , , , ,M, ,AA, ,0.01, ,29.73, 
94274,20111005,2153,12,OVC055, ,10.00, ,-RA, ,50, ,10.0, ,49, ,9.4, ,48, ,8.9, , 93, , 3, ,200, , , ,29.41, ,1, ,019, ,M, ,AA, ,0.01, ,29.75, 
94274,20111005,2253,12,BKN040 BKN055 OVC070, ,10.00, , , ,49, ,9.4, ,48, ,9.1, ,48, ,8.9, , 96, , 5, ,160, , , ,29.43, , , , , ,M, ,AA, ,  T, ,29.77, 
94274,20111005,2353,12,FEW022 BKN040 OVC050, ,10.00, , , ,49, ,9.4, ,48, ,8.8, ,47, ,8.3, , 93, , 5, ,160, , , ,29.44, , , , , ,M, ,AA, ,0.01, ,29.78, 
94274,20111006,0051,12,BKN029 BKN037 OVC047, ,10.00, , , ,48, ,9.0, ,48, ,8.8, ,48, ,9.0, ,100, , 5, ,170, , , ,29.45, , , , , ,M, ,SP, , , ,29.79, 
94274,20111006,0053,12,BKN029 BKN037 OVC045, ,10.00, , , ,49, ,9.4, ,48, ,9.1, ,48, ,8.9, , 96, , 3, ,170, , , ,29.46, ,1, ,009, ,M, ,AA, , , ,29.80, 
94274,20111006,0115,12,OVC031, ,10.00, ,-RA, ,48, ,9.0, ,48, ,8.8, ,48, ,9.0, ,100, , 3, ,180, , , ,29.46, , , , , ,M, ,SP, , , ,29.80, 
94274,20111006,0153,12,OVC032, , 8.00, , , ,49, ,9.4, ,48, ,9.1, ,48, ,8.9, , 96, , 0, ,000, , , ,29.47, , , , , ,M, ,AA, ,  T, ,29.81, 
94274,20111006,0238,12,SCT005 OVC034, ,10.00, , , ,48, ,9.0, ,48, ,8.8, ,48, ,9.0, ,100, , 3, ,190, , , ,29.48, , , , , ,M, ,SP, , , ,29.82, 
94274,20111006,0250,12,BKN005 OVC034, ,10.00, , , ,48, ,9.0, ,48, ,8.8, ,48, ,9.0, ,100, , 3, ,210, , , ,29.48, , , , , ,M, ,SP, , , ,29.82, 
94274,20111006,0253,12,BKN005 OVC034, ,10.00, , , ,49, ,9.4, ,48, ,9.1, ,48, ,8.9, , 96, , 0, ,000, , , ,29.48, , , , , ,M, ,AA, , , ,29.82, 
94274,20111006,0353,12,OVC005, ,10.00, , , ,50, ,10.0, ,49, ,9.4, ,48, ,8.9, , 93, , 0, ,000, , , ,29.50, ,3, ,012, ,M, ,AA, ,  T, ,29.84, 
94274,20111006,0453,12,BKN005 OVC022, ,10.00, , , ,50, ,10.0, ,49, ,9.7, ,49, ,9.4, , 96, , 0, ,000, , , ,29.52, , , , , ,29.86, ,AA, ,  T, ,29.86, 
94274,20111006,0500,12,FEW005 OVC022, , 9.00, , , ,50, ,10.0, ,49, ,9.4, ,48, ,9.0, , 93, , 0, ,000, , , ,29.52, , , , , ,M, ,SP, , , ,29.86, 
94274,20111006,0553,12,BKN029 OVC034, ,10.00, , , ,50, ,10.0, ,49, ,9.7, ,49, ,9.4, , 96, , 3, ,190, , , ,29.54, , , , , ,29.88, ,AA, , , ,29.88, 
94274,20111006,0617,12,SCT026 BKN037 OVC060, ,10.00, , , ,50, ,10.0, ,49, ,9.4, ,48, ,9.0, , 93, , 3, ,180, , , ,29.55, , , , , ,M, ,SP, , , ,29.89, 
94274,20111006,0653,12,FEW024 BKN032 OVC060, , 8.00, , , ,50, ,10.0, ,49, ,9.7, ,49, ,9.4, , 96, , 3, ,250, , , ,29.56, ,1, ,019, ,29.90, ,AA, , , ,29.90, 
94274,20111006,0655,12,BKN003 BKN032 OVC060, , 5.00, ,BR, ,50, ,10.0, ,49, ,9.4, ,48, ,9.0, , 93, , 5, ,240, , , ,29.56, , , , , ,M, ,SP, , , ,29.90, 
94274,20111006,0753,12,BKN003 BKN032 OVC060, , 6.00, ,BR, ,51, ,10.6, ,50, ,10.2, ,50, ,10.0, , 96, , 3, ,270, , , ,29.59, , , , , ,29.93, ,AA, , , ,29.93, 
94274,20111006,0853,12,BKN003 OVC027, ,10.00, , , ,50, ,10.0, ,49, ,9.7, ,49, ,9.4, , 96, , 3, ,230, , , ,29.60, , , , , ,29.95, ,AA, , , ,29.94, 
94274,20111006,0951,12,SCT004 OVC006, ,10.00, , , ,52, ,11.0, ,50, ,9.9, ,48, ,9.0, , 86, , 3, ,220, , , ,29.64, , , , , ,M, ,SP, , , ,29.98, 
94274,20111006,0953,12,SCT004 OVC006, ,10.00, , , ,51, ,10.6, ,50, ,9.9, ,49, ,9.4, , 93, , 3, ,220, , , ,29.64, ,3, ,026, ,29.98, ,AA, , , ,29.98, 
94274,20111006,1051,12,BKN010, ,10.00, , , ,52, ,11.0, ,50, ,9.9, ,48, ,9.0, , 86, , 3, ,240, , , ,29.65, , , , , ,M, ,SP, , , ,29.99, 
94274,20111006,1053,12,BKN010, ,10.00, , , ,52, ,11.1, ,50, ,10.2, ,49, ,9.4, , 90, , 0, ,000, , , ,29.65, , , , , ,29.99, ,AA, , , ,29.99, 
94274,20111006,1100,12,SCT008 BKN010, ,10.00, , , ,54, ,12.0, ,51, ,10.4, ,48, ,9.0, , 80, , 5, ,190, , , ,29.65, , , , , ,M, ,SP, , , ,29.99, 
94274,20111006,1153,12,BKN010, ,10.00, , , ,54, ,12.2, ,51, ,10.7, ,49, ,9.4, , 83, , 0, ,000, , , ,29.65, , , , , ,30.00, ,AA, , , ,29.99, 
94274,20111006,1203,12,FEW010 BKN025, ,10.00, , , ,55, ,13.0, ,51, ,10.7, ,48, ,9.0, , 77, , 3, ,230, , , ,29.66, , , , , ,M, ,SP, , , ,30.00, 
94274,20111006,1251,12,SCT013 BKN039, ,10.00, , , ,55, ,13.0, ,51, ,10.7, ,48, ,9.0, , 77, , 5, ,160, , , ,29.66, , , , , ,M, ,SP, , , ,30.00, 
94274,20111006,1253,12,SCT013 BKN039, ,10.00, , , ,56, ,13.3, ,52, ,11.2, ,49, ,9.4, , 78, , 6, ,160, , , ,29.66, ,1, ,009, ,30.00, ,AA, , , ,30.00, 
94274,20111006,1353,12,SCT013 BKN039, ,10.00, , , ,56, ,13.3, ,51, ,10.4, ,46, ,7.8, , 69, , 0, ,000, , , ,29.67, , , , , ,30.01, ,AA, , , ,30.01, 
94274,20111006,1453,12,OVC036, ,10.00, , , ,57, ,13.9, ,52, ,11.0, ,47, ,8.3, , 69, , 3, ,220, , , ,29.67, , , , , ,30.01, ,AA, , , ,30.01, 
94274,20111006,1553,12,BKN039 OVC047, ,10.00, , , ,56, ,13.3, ,51, ,10.7, ,47, ,8.3, , 72, , 3, ,170, , , ,29.68, ,1, ,005, ,30.02, ,AA, , , ,30.02, 
94274,20111006,1653,12,BKN030 OVC042, ,10.00, , , ,57, ,13.9, ,52, ,11.2, ,48, ,8.9, , 72, , 3, ,140, , , ,29.69, , , , , ,30.03, ,AA, , , ,30.03, 
94274,20111006,1753,12,BKN030 OVC042, ,10.00, , , ,57, ,13.9, ,53, ,11.5, ,49, ,9.4, , 75, , 3, ,170, , , ,29.70, , , , , ,30.04, ,AA, , , ,30.04, 
94274,20111006,1853,12,BKN030 OVC042, ,10.00, , , ,56, ,13.3, ,52, ,11.2, ,49, ,9.4, , 78, , 7, ,210, , , ,29.71, ,1, ,012, ,30.05, ,AA, , , ,30.05, 
94274,20111006,1953,12,SCT050 OVC060, ,10.00, , , ,55, ,12.8, ,51, ,10.7, ,48, ,8.9, , 77, , 7, ,230, , , ,29.72, , , , , ,30.06, ,AA, , , ,30.06, 
94274,20111006,2039,12,BKN017 OVC065, ,10.00, , , ,54, ,12.0, ,51, ,10.5, ,48, ,9.0, , 80, , 8, ,230, , , ,29.72, , , , , ,M, ,SP, , , ,30.06, 
94274,20111006,2053,12,BKN015 OVC065, ,10.00, , , ,54, ,12.2, ,51, ,10.5, ,48, ,8.9, , 80, , 8, ,220, , , ,29.72, , , , , ,30.06, ,AA, , , ,30.06, 
94274,20111006,2153,12,OVC013, ,10.00, , , ,53, ,11.7, ,51, ,10.5, ,49, ,9.4, , 86, , 6, ,200, , , ,29.72, ,1, ,003, ,30.06, ,AA, , , ,30.06, 
94274,20111006,2253,12,OVC013, ,10.00, , , ,53, ,11.7, ,51, ,10.5, ,49, ,9.4, , 86, , 8, ,200, , , ,29.73, , , , , ,30.07, ,AA, , , ,30.07, 
94274,20111006,2346,12,OVC015, ,10.00, , , ,52, ,11.0, ,50, ,9.9, ,48, ,9.0, , 86, , 8, ,190, , , ,29.73, , , , , ,M, ,SP, , , ,30.07, 
94274,20111006,2353,12,OVC015, ,10.00, , , ,52, ,11.1, ,50, ,10.2, ,49, ,9.4, , 90, , 8, ,190, , , ,29.73, , , , , ,30.07, ,AA, , , ,30.07, 
94274,20111007,0045,12,SCT017 OVC110, ,10.00, , , ,54, ,12.0, ,51, ,10.5, ,48, ,9.0, , 80, , 8, ,190, , , ,29.74, , , , , ,M, ,SP, , , ,30.08, 
94274,20111007,0053,12,FEW017 OVC100, ,10.00, , , ,53, ,11.7, ,51, ,10.5, ,49, ,9.4, , 86, , 9, ,190, , , ,29.74, ,3, ,006, ,30.08, ,AA, , , ,30.08, 
94274,20111007,0153,12,OVC095, ,10.00, , , ,53, ,11.7, ,51, ,10.5, ,49, ,9.4, , 86, , 8, ,200, , , ,29.74, , , , , ,30.08, ,AA, ,  T, ,30.08, 
94274,20111007,0234,12,BKN022 BKN036 OVC090, ,10.00, , , ,54, ,12.0, ,51, ,10.5, ,48, ,9.0, , 80, , 7, ,200, , , ,29.74, , , , , ,M, ,SP, , , ,30.08, 
94274,20111007,0253,12,OVC020, ,10.00, ,-RA, ,53, ,11.7, ,51, ,10.5, ,49, ,9.4, , 86, , 7, ,190, , , ,29.75, , , , , ,30.09, ,AA, ,0.01, ,30.09, 
94274,20111007,0339,12,SCT018 OVC075, ,10.00, ,-RA, ,52, ,11.0, ,50, ,9.9, ,48, ,9.0, , 86, , 6, ,180, , , ,29.74, , , , , ,M, ,SP, , , ,30.08, 
94274,20111007,0353,12,SCT055 OVC075, ,10.00, ,-RA, ,52, ,11.1, ,50, ,10.2, ,49, ,9.4, , 90, , 7, ,190, , , ,29.74, ,0, ,001, ,30.08, ,AA, ,0.01, ,30.08, 
94274,20111007,0453,12,OVC070, ,10.00, , , ,52, ,11.1, ,51, ,10.5, ,50, ,10.0, , 93, , 8, ,200, , , ,29.75, , , , , ,30.09, ,AA, ,  T, ,30.09, 
94274,20111007,0553,12,BKN018 OVC055, ,10.00, , , ,52, ,11.1, ,51, ,10.5, ,50, ,10.0, , 93, , 8, ,190, , , ,29.76, , , , , ,30.09, ,AA, , , ,30.10, 
94274,20111007,0600,12,FEW007 BKN018 OVC055, ,10.00, , , ,52, ,11.0, ,51, ,10.5, ,50, ,10.0, , 93, , 6, ,200, , , ,29.76, , , , , ,M, ,SP, , , ,30.10, 
94274,20111007,0623,12,FEW008 BKN032 OVC047, ,10.00, , , ,52, ,11.0, ,51, ,10.5, ,50, ,10.0, , 93, , 9, ,200, , , ,29.76, , , , , ,M, ,SP, , , ,30.10, 
94274,20111007,0651,12,SCT013 BKN021 OVC031, , 4.00, ,-RA BR, ,52, ,11.0, ,51, ,10.5, ,50, ,10.0, , 93, , 8, ,190, , , ,29.77, , , , , ,M, ,SP, , , ,30.11, 
94274,20111007,0653,12,BKN006 OVC031, , 2.00, ,-RA BR, ,52, ,11.1, ,51, ,10.5, ,50, ,10.0, , 93, , 7, ,190, , , ,29.77, ,3, ,009, ,30.11, ,AA, ,0.01,s,30.11, 
94274,20111007,0700,12,BKN006 OVC031, , 2.00, ,-RA BR, ,52, ,11.0, ,51, ,10.5, ,50, ,10.0, , 93, , 6, ,200, , , ,29.77, , , , , ,M, ,SP, , , ,30.11, 
94274,20111007,0753,12,BKN005 OVC010, , 2.00, ,-RA BR, ,51, ,10.6, ,50, ,10.2, ,50, ,10.0, , 96, , 7, ,180, , , ,29.77, , , , , ,30.11, ,AA, ,0.01, ,30.11, 
94274,20111007,0853,12,BKN005 OVC010, , 2.00, ,BR, ,52, ,11.1, ,51, ,10.8, ,51, ,10.6, , 96, ,11, ,180, , , ,29.78, , , , , ,30.12, ,AA, ,  T, ,30.12, 
94274,20111007,0951,12,BKN005 OVC010, , 3.00, ,BR, ,52, ,11.0, ,52, ,11.1, ,52, ,11.0, ,100, , 8, ,170, , , ,29.80, , , , , ,M, ,SP, , , ,30.14, 
94274,20111007,0953,12,BKN005 OVC010, , 3.00, ,BR, ,52, ,11.1, ,52, ,11.1, ,52, ,11.1, ,100, , 7, ,180, , , ,29.79, ,3, ,008, ,30.13, ,AA, , , ,30.13, 
94274,20111007,1053,12,BKN005 OVC010, , 3.00, ,BR, ,54, ,12.2, ,53, ,11.6, ,52, ,11.1, , 93, , 6, ,200, , , ,29.80, , , , , ,30.14, ,AA, , , ,30.14, 
94274,20111007,1153,12,OVC008, ,10.00, , , ,55, ,12.8, ,53, ,11.8, ,52, ,11.1, , 90, , 5, ,190, , , ,29.81, , , , , ,30.15, ,AA, , , ,30.15, 
94274,20111007,1251,12,OVC010, ,10.00, , , ,55, ,13.0, ,53, ,11.8, ,52, ,11.0, , 90, , 0, ,000, , , ,29.82, , , , , ,M, ,SP, , , ,30.16, 
94274,20111007,1253,12,OVC010, ,10.00, , , ,55, ,12.8, ,53, ,11.8, ,52, ,11.1, , 90, , 0, ,000, , , ,29.82, ,1, ,008, ,30.16, ,AA, , , ,30.16, 
94274,20111007,1353,12,SCT010 OVC021, ,10.00, , , ,55, ,12.8, ,53, ,11.8, ,52, ,11.1, , 90, , 0, ,000, , , ,29.82, , , , , ,30.16, ,AA, , , ,30.16, 
94274,20111007,1444,12,SCT021 OVC031, , 2.50, ,-RA BR, ,55, ,13.0, ,53, ,11.8, ,52, ,11.0, , 90, , 0, ,000, , , ,29.84, , , , , ,M, ,SP, , , ,30.18, 
94274,20111007,1451,12,FEW021 OVC031, , 6.00, ,-RA BR, ,55, ,13.0, ,53, ,11.8, ,52, ,11.0, , 90, , 0, ,000, , , ,29.83, , , , , ,M, ,SP, , , ,30.17, 
94274,20111007,1453,12,FEW021 OVC031, , 8.00, ,-RA, ,55, ,12.8, ,53, ,11.8, ,52, ,11.1, , 90, , 0, ,000, , , ,29.83, , , , , ,30.17, ,AA, ,0.01, ,30.17, 
94274,20111007,1553,12,OVC033, ,10.00, , , ,56, ,13.3, ,54, ,12.1, ,52, ,11.1, , 87, , 0, ,000, , , ,29.83, ,1, ,003, ,30.17, ,AA, ,  T, ,30.17, 
94274,20111007,1653,12,OVC035, ,10.00, , , ,55, ,12.8, ,54, ,12.1, ,53, ,11.7, , 93, , 0, ,000, , , ,29.85, , , , , ,30.19, ,AA, ,  T, ,30.19, 
94274,20111007,1753,12,OVC039, ,10.00, , , ,54, ,12.2, ,53, ,11.6, ,52, ,11.1, , 93, , 3, ,020, , , ,29.85, , , , , ,30.19, ,AA, ,0.01, ,30.19, 
94274,20111007,1853,12,BKN039 OVC048, ,10.00, , , ,54, ,12.2, ,52, ,11.3, ,51, ,10.6, , 90, , 0, ,000, , , ,29.87, ,3, ,012, ,30.21, ,AA, , , ,30.21, 
94274,20111007,1953,12,OVC041, ,10.00, , , ,53, ,11.7, ,52, ,11.0, ,51, ,10.6, , 93, , 0, ,000, , , ,29.87, , , , , ,30.21, ,AA, , , ,30.21, 
94274,20111007,2053,12,OVC041, ,10.00, , , ,53, ,11.7, ,51, ,10.7, ,50, ,10.0, , 90, , 3, ,360, , , ,29.88, , , , , ,30.22, ,AA, , , ,30.22, 
94274,20111007,2153,12,OVC070, ,10.00, , , ,53, ,11.7, ,51, ,10.7, ,50, ,10.0, , 90, , 0, ,000, , , ,29.88, ,0, ,003, ,30.22, ,AA, , , ,30.22, 
94274,20111007,2253,12,FEW065, ,10.00, , , ,50, ,10.0, ,49, ,9.7, ,49, ,9.4, , 96, , 0, ,000, , , ,29.88, , , , , ,30.22, ,AA, , , ,30.22, 
94274,20111007,2353,12,FEW095, ,10.00, , , ,51, ,10.6, ,50, ,9.9, ,49, ,9.4, , 93, , 0, ,000, , , ,29.88, , , , , ,30.22, ,AA, , , ,30.22, 
94274,20111008,0053,12,BKN060, , 9.00, , , ,50, ,10.0, ,49, ,9.7, ,49, ,9.4, , 96, , 0, ,000, , , ,29.89, ,3, ,003, ,30.23, ,AA, , , ,30.23, 
94274,20111008,0104,12,FEW001 BKN060, , 2.50, ,BR, ,50, ,10.0, ,49, ,9.4, ,48, ,9.0, , 93, , 0, ,000, , , ,29.89, , , , , ,M, ,SP, , , ,30.23, 
94274,20111008,0108,12,FEW001 SCT011 BKN060, , 0.75, ,BR, ,50, ,10.0, ,50, ,10.0, ,50, ,10.0, ,100, , 0, ,000, , , ,29.89, , , , , ,M, ,SP, , , ,30.23, 
94274,20111008,0113,12,FEW001 BKN007 BKN060, , 0.25, ,FG, ,50, ,10.0, ,50, ,10.0, ,50, ,10.0, ,100, , 0, ,000, , , ,29.89, , , , , ,M, ,SP, , , ,30.23, 
94274,20111008,0120,12,BKN001 BKN008, , 0.25, ,FG, ,50, ,10.0, ,50, ,10.0, ,50, ,10.0, ,100, , 0, ,000, , , ,29.89, , , , , ,M, ,SP, , , ,30.23, 
94274,20111008,0136,12,VV006, , 0.25, ,FG, ,48, ,9.0, ,47, ,8.3, ,46, ,8.0, , 93, , 0, ,000, , , ,29.89, , , , , ,M, ,SP, , , ,30.23, 
94274,20111008,0153,12,VV004, , 0.25, ,FG, ,50, ,10.0, ,50, ,10.0, ,50, ,10.0, ,100, , 0, ,000, , , ,29.89, , , , , ,30.23, ,AA, , , ,30.23, 
94274,20111008,0216,12,VV001, , 0.50, ,FG, ,50, ,10.0, ,50, ,10.0, ,50, ,10.0, ,100, , 3, ,050, , , ,29.89, , , , , ,M, ,SP, , , ,30.23, 
94274,20111008,0230,12,VV001, , 0.25, ,FG, ,50, ,10.0, ,50, ,10.0, ,50, ,10.0, ,100, , 3, ,VR , , , ,29.88, , , , , ,M, ,SP, , , ,30.22, 
94274,20111008,0253,12,VV001, , 0.25, ,FG, ,50, ,10.0, ,50, ,10.0, ,50, ,10.0, ,100, , 0, ,000, , , ,29.88, , , , , ,30.22, ,AA, , , ,30.22, 
94274,20111008,0353,12,VV001, , 0.25, ,FG, ,50, ,10.0, ,50, ,10.0, ,50, ,10.0, ,100, , 0, ,000, , , ,29.88, ,6, ,003, ,30.22, ,AA, , , ,30.22, 
94274,20111008,0453,12,VV001, , 0.25, ,FG, ,50, ,10.0, ,50, ,10.0, ,50, ,10.0, ,100, , 0, ,000, , , ,29.88, , , , , ,30.22, ,AA, , , ,30.22, 
94274,20111008,0553,12,VV001, , 0.25, ,FG, ,50, ,10.0, ,50, ,10.0, ,50, ,10.0, ,100, , 0, ,000, , , ,29.87, , , , , ,30.21, ,AA, , , ,30.21, 
94274,20111008,0653,12,VV001, , 0.00, ,FG, ,50, ,10.0, ,49, ,9.7, ,49, ,9.4, , 96, , 3, ,080, , , ,29.87, ,5, ,003, ,30.21, ,AA, , , ,30.21, 
94274,20111008,0737,12,VV001, , 0.50, ,FG, ,48, ,9.0, ,48, ,8.8, ,48, ,9.0, ,100, , 0, ,000, , , ,29.88, , , , , ,M, ,SP, , , ,30.22, 
94274,20111008,0753,12,OVC001, , 0.50, ,FG, ,49, ,9.4, ,49, ,9.4, ,49, ,9.4, ,100, , 3, ,060, , , ,29.87, , , , , ,30.21, ,AA, , , ,30.21, 
94274,20111008,0823,12,FEW001 BKN024 OVC055, , 0.50,s,BR,s,50, ,10.0, ,50, ,10.0, ,50, ,10.0, ,100, , 0, ,000, , , ,29.87, , , , , ,M, ,SP, , , ,30.21, 
94274,20111008,0824,12,FEW001 BKN024 OVC055, , 5.00, ,BR, ,50, ,10.0, ,50, ,10.0, ,50, ,10.0, ,100, , 0, ,000, , , ,29.87, , , , , ,M, ,SP, , , ,30.21, 
94274,20111008,0833,12,FEW001 SCT022 OVC055, , 5.00, ,BR, ,52, ,11.0, ,51, ,10.5, ,50, ,10.0, , 93, , 0, ,000, , , ,29.87, , , , , ,M, ,SP, , , ,30.21, 
94274,20111008,0853,12,SCT055, , 7.00, , , ,54, ,12.2, ,52, ,11.0, ,50, ,10.0, , 86, , 0, ,000, , , ,29.86, , , , , ,30.20, ,AA, , , ,30.20, 
94274,20111008,0953,12,SCT055, ,10.00, , , ,55, ,12.8, ,52, ,11.3, ,50, ,10.0, , 83, , 6, ,290, , , ,29.85, ,8, ,008, ,30.19, ,AA, , , ,30.19, 
94274,20111008,1053,12,BKN055, ,10.00, , , ,56, ,13.3, ,53, ,11.5, ,50, ,10.0, , 80, , 3, ,210, , , ,29.84, , , , , ,30.17, ,AA, , , ,30.18, 
94274,20111008,1153,12,SCT030, ,10.00, , , ,60, ,15.6, ,55, ,12.5, ,50, ,10.0, , 70, , 6, ,230, , , ,29.82, , , , , ,30.16, ,AA, , , ,30.16, 
94274,20111008,1253,12,BKN055, ,10.00, , , ,61, ,16.1, ,56, ,13.0, ,51, ,10.6, , 70, , 3, ,170, , , ,29.81, ,8, ,013, ,30.15, ,AA, , , ,30.15, 
94274,20111008,1353,12,BKN050, ,10.00, , , ,61, ,16.1, ,56, ,13.0, ,51, ,10.6, , 70, , 5, ,160, , , ,29.79, , , , , ,30.13, ,AA, , , ,30.13, 
94274,20111008,1453,12,BKN055, ,10.00, , , ,62, ,16.7, ,56, ,13.3, ,51, ,10.6, , 67, , 3, ,230, , , ,29.77, , , , , ,30.11, ,AA, , , ,30.11, 
94274,20111008,1553,12,OVC060, ,10.00, , , ,62, ,16.7, ,56, ,13.3, ,51, ,10.6, , 67, , 5, ,250, , , ,29.76, ,6, ,016, ,30.10, ,AA, , , ,30.10, 
94274,20111008,1653,12,FEW060 BKN100, ,10.00, , , ,61, ,16.1, ,56, ,13.0, ,51, ,10.6, , 70, , 3, ,210, , , ,29.76, , , , , ,30.10, ,AA, , , ,30.10, 
94274,20111008,1753,12,FEW055, ,10.00, , , ,59, ,15.0, ,55, ,12.5, ,51, ,10.6, , 75, , 7, ,250, , , ,29.76, , , , , ,30.10, ,AA, , , ,30.10, 
94274,20111008,1853,12,SCT055 OVC075, ,10.00, , , ,58, ,14.4, ,54, ,12.3, ,51, ,10.6, , 78, , 6, ,260, , , ,29.77, ,3, ,005, ,30.11, ,AA, , , ,30.11, 
94274,20111008,1953,12,FEW055 OVC080, ,10.00, , , ,57, ,13.9, ,53, ,11.8, ,50, ,10.0, , 78, , 3, ,VR , , , ,29.77, , , , , ,30.11, ,AA, , , ,30.11, 
94274,20111008,2053,12,FEW065 OVC085, ,10.00, , , ,55, ,12.8, ,53, ,11.5, ,51, ,10.6, , 86, , 5, ,230, , , ,29.77, , , , , ,30.11, ,AA, ,  T, ,30.11, 
94274,20111008,2153,12,SCT020 BKN050 OVC095, , 7.00, ,-RA, ,54, ,12.2, ,53, ,11.6, ,52, ,11.1, , 93, , 5, ,220, , , ,29.77, ,5, ,000, ,30.11, ,AA, ,0.02, ,30.11, 
94274,20111008,2222,12,FEW014 BKN023 OVC060, ,10.00, , , ,54, ,12.0, ,53, ,11.6, ,52, ,11.0, , 93, , 3, ,240, , , ,29.78, , , , , ,M, ,SP, , , ,30.12, 
94274,20111008,2251,12,FEW016 SCT023 OVC050, ,10.00, , , ,54, ,12.0, ,53, ,11.6, ,52, ,11.0, , 93, , 5, ,210, , , ,29.77, , , , , ,M, ,SP, , , ,30.11, 
94274,20111008,2253,12,FEW016 OVC050, ,10.00, , , ,54, ,12.2, ,53, ,11.6, ,52, ,11.1, , 93, , 3, ,210, , , ,29.77, , , , , ,30.11, ,AA, ,0.01, ,30.11, 
94274,20111008,2353,12,SCT026 OVC042, , 8.00, , , ,53, ,11.7, ,52, ,11.3, ,52, ,11.1, , 96, , 3, ,220, , , ,29.76, , , , , ,30.10, ,AA, , , ,30.10, 
94274,20111009,0014,12,BKN026 BKN034 OVC042, , 6.00, ,BR, ,54, ,12.0, ,53, ,11.6, ,52, ,11.0, , 93, , 5, ,240, , , ,29.76, , , , , ,M, ,SP, , , ,30.10, 
94274,20111009,0029,12,FEW002 BKN028 OVC038, , 5.00, ,BR, ,54, ,12.0, ,53, ,11.6, ,52, ,11.0, , 93, , 3, ,220, , , ,29.77, , , , , ,M, ,SP, , , ,30.11, 
94274,20111009,0042,12,FEW002 BKN038 OVC047, ,10.00, , , ,54, ,12.0, ,53, ,11.6, ,52, ,11.0, , 93, , 3, ,230, , , ,29.77, , , , , ,M, ,SP, , , ,30.11, 
94274,20111009,0053,12,BKN037 OVC047, , 9.00, , , ,53, ,11.7, ,52, ,11.3, ,52, ,11.1, , 96, , 3, ,220, , , ,29.77, ,3, ,001, ,30.11, ,AA, , , ,30.11, 
94274,20111009,0123,12,FEW004 OVC032, , 5.00, ,-RA BR, ,54, ,12.0, ,53, ,11.6, ,52, ,11.0, , 93, , 3, ,240, , , ,29.76, , , , , ,M, ,SP, , , ,30.10, 
94274,20111009,0143,12,BKN002 OVC034, , 8.00, , , ,54, ,12.0, ,53, ,11.6, ,52, ,11.0, , 93, , 5, ,240, , , ,29.76, , , , , ,M, ,SP, , , ,30.10, 
94274,20111009,0151,12,SCT002 OVC036, ,10.00, , , ,54, ,12.0, ,53, ,11.6, ,52, ,11.0, , 93, , 5, ,220, , , ,29.76, , , , , ,M, ,SP, , , ,30.10, 
94274,20111009,0153,12,SCT002 OVC036, ,10.00, , , ,53, ,11.7, ,52, ,11.3, ,52, ,11.1, , 96, , 3, ,230, , , ,29.76, , , , , ,30.09, ,AA, ,0.01, ,30.10, 
94274,20111009,0219,12,FEW004 BKN029 OVC036, , 5.00, ,-RA BR, ,54, ,12.0, ,53, ,11.6, ,52, ,11.0, , 93, , 0, ,000, , , ,29.76, , , , , ,M, ,SP, , , ,30.10, 
94274,20111009,0234,12,BKN004 BKN008 OVC028, , 4.00, ,-RA BR, ,54, ,12.0, ,53, ,11.6, ,52, ,11.0, , 93, , 0, ,000, , , ,29.75, , , , , ,M, ,SP, , , ,30.09, 
94274,20111009,0253,12,BKN004 OVC023, , 4.00, ,-RA BR, ,52, ,11.1, ,52, ,11.1, ,52, ,11.1, ,100, , 0, ,000, , , ,29.75, , , , , ,30.09, ,AA, ,0.01, ,30.09, 
94274,20111009,0351,12,OVC002, , 2.50, ,-RA BR, ,52, ,11.0, ,52, ,11.1, ,52, ,11.0, ,100, , 5, ,180, , , ,29.75, , , , , ,M, ,SP, , , ,30.09, 
94274,20111009,0353,12,OVC002, , 2.00, ,-RA BR, ,52, ,11.1, ,52, ,11.1, ,52, ,11.1, ,100, , 5, ,170, , , ,29.75, ,7, ,003, ,30.09, ,AA, ,0.02, ,30.09, 
94274,20111009,0405,12,OVC002, , 0.75, ,BR, ,52, ,11.0, ,52, ,11.1, ,52, ,11.0, ,100, , 3, ,170, , , ,29.75, , , , , ,M, ,SP, , , ,30.09, 
94274,20111009,0414,12,VV001, , 0.25, ,FG, ,52, ,11.0, ,52, ,11.1, ,52, ,11.0, ,100, , 5, ,170, , , ,29.75, , , , , ,M, ,SP, , , ,30.09, 
94274,20111009,0438,12,VV001, , 0.50, ,FG, ,52, ,11.0, ,52, ,11.1, ,52, ,11.0, ,100, , 7, ,180, , , ,29.74, , , , , ,M, ,SP, , , ,30.08, 
94274,20111009,0451,12,OVC001, , 2.00, ,BR, ,52, ,11.0, ,52, ,11.1, ,52, ,11.0, ,100, , 7, ,170, , , ,29.74, , , , , ,M, ,SP, , , ,30.08, 
94274,20111009,0453,12,OVC001, , 4.00, ,BR, ,52, ,11.1, ,52, ,11.1, ,52, ,11.1, ,100, , 7, ,170, , , ,29.74, , , , , ,30.08, ,AA, , , ,30.08, 
94274,20111009,0536,12,OVC003, ,10.00, , , ,52, ,11.0, ,52, ,11.1, ,52, ,11.0, ,100, , 0, ,000, , , ,29.74, , , , , ,M, ,SP, , , ,30.08, 
94274,20111009,0545,12,OVC005, ,10.00, , , ,52, ,11.0, ,52, ,11.1, ,52, ,11.0, ,100, , 3, ,180, , , ,29.73, , , , , ,M, ,SP, , , ,30.07, 
94274,20111009,0553,12,OVC005, ,10.00, , , ,52, ,11.1, ,52, ,11.1, ,52, ,11.1, ,100, , 3, ,200, , , ,29.73, , , , , ,30.07, ,AA, , , ,30.07, 
94274,20111009,0653,12,OVC005, , 5.00, ,-RA BR, ,53, ,11.7, ,52, ,11.3, ,52, ,11.1, , 96, , 0, ,000, , , ,29.74, ,5, ,004, ,30.08, ,AA, ,0.02, ,30.08, 
94274,20111009,0751,12,OVC005, , 2.00, ,-RA BR, ,54, ,12.0, ,53, ,11.6, ,52, ,11.0, , 93, , 0, ,000, , , ,29.74, , , , , ,M, ,SP, , , ,30.08, 
94274,20111009,0753,12,OVC005, , 2.00, ,-RA BR, ,53, ,11.7, ,52, ,11.3, ,52, ,11.1, , 96, , 0, ,000, , , ,29.74, , , , , ,30.08, ,AA, ,0.01, ,30.08, 
94274,20111009,0853,12,OVC005, , 2.00, ,BR, ,53, ,11.7, ,52, ,11.3, ,52, ,11.1, , 96, , 0, ,000, , , ,29.73, , , , , ,30.07, ,AA, ,  T, ,30.07, 
94274,20111009,0953,12,OVC005, , 2.00, ,-RA BR, ,51, ,10.6, ,51, ,10.5, ,51, ,10.6, ,100, , 5, ,040, , , ,29.72, ,8, ,007, ,30.06, ,AA, ,0.04, ,30.06, 
94274,20111009,1053,12,OVC005, , 2.00, ,BR, ,53, ,11.7, ,52, ,11.0, ,51, ,10.6, , 93, , 6, ,050, , , ,29.70, , , , , ,30.04, ,AA, , , ,30.04, 
94274,20111009,1055,12,BKN005 OVC013, , 4.00, ,BR, ,54, ,12.0, ,53, ,11.6, ,52, ,11.0, , 93, , 7, ,050, , , ,29.71, , , , , ,M, ,SP, , , ,30.05, 
94274,20111009,1153,12,BKN005 OVC013, , 4.00, ,BR, ,54, ,12.2, ,52, ,11.0, ,50, ,10.0, , 86, , 6, ,020, , , ,29.68, , , , , ,30.02, ,AA, , , ,30.02, 
94274,20111009,1156,12,BKN015 BKN020 OVC047, ,10.00, , , ,54, ,12.0, ,52, ,11.0, ,50, ,10.0, , 86, , 6, ,020, , , ,29.68, , , , , ,M, ,SP, , , ,30.02, 
94274,20111009,1253,12,OVC015, ,10.00, , , ,55, ,12.8, ,52, ,11.3, ,50, ,10.0, , 83, , 0, ,000, , , ,29.66, ,8, ,020, ,30.00, ,AA, , , ,30.00, 
94274,20111009,1353,12,BKN015 OVC022, ,10.00, , , ,56, ,13.3, ,53, ,11.8, ,51, ,10.6, , 83, , 3, ,280, , , ,29.66, , , , , ,30.00, ,AA, , , ,30.00, 
94274,20111009,1453,12,BKN015 BKN022, ,10.00, , , ,56, ,13.3, ,53, ,11.8, ,51, ,10.6, , 83, , 6, ,010, , , ,29.63, , , , , ,29.97, ,AA, ,  T, ,29.97, 
94274,20111009,1551,12,BKN035 BKN070, ,10.00, , , ,55, ,13.0, ,52, ,11.3, ,50, ,10.0, , 83, , 0, ,000, , , ,29.61, , , , , ,M, ,SP, , , ,29.95, 
94274,20111009,1553,12,BKN035 BKN070, ,10.00, , , ,56, ,13.3, ,53, ,11.5, ,50, ,10.0, , 80, , 0, ,000, , , ,29.61, ,8, ,015, ,29.95, ,AA, , , ,29.95, 
94274,20111009,1653,12,SCT039 OVC055, ,10.00, , , ,55, ,12.8, ,52, ,11.3, ,50, ,10.0, , 83, , 0, ,000, , , ,29.59, , , , , ,29.93, ,AA, , , ,29.93, 
94274,20111009,1753,12,BKN044 BKN055, ,10.00, , , ,54, ,12.2, ,52, ,11.0, ,50, ,10.0, , 86, , 0, ,000, , , ,29.57, , , , , ,29.91, ,AA, , , ,29.91, 
94274,20111009,1853,12,FEW037 OVC048, ,10.00, , , ,54, ,12.2, ,52, ,11.3, ,51, ,10.6, , 90, , 0, ,000, , , ,29.57, ,5, ,015, ,29.91, ,AA, , , ,29.91, 
94274,20111009,1953,12,CLR, ,10.00, , , ,52, ,11.1, ,51, ,10.5, ,50, ,10.0, , 93, , 0, ,000, , , ,29.54, , , , , ,29.88, ,AA, , , ,29.88, 
94274,20111009,2053,12,FEW032, ,10.00, , , ,52, ,11.1, ,51, ,10.5, ,50, ,10.0, , 93, , 0, ,000, , , ,29.51, , , , , ,29.85, ,AA, , , ,29.85, 
94274,20111009,2153,12,CLR, ,10.00, , , ,53, ,11.7, ,51, ,10.7, ,50, ,10.0, , 90, , 0, ,000, , , ,29.49, ,6, ,025, ,29.83, ,AA, , , ,29.83, 
94274,20111009,2253,12,FEW090, , 9.00, , , ,51, ,10.6, ,50, ,10.2, ,50, ,10.0, , 96, , 0, ,000, , , ,29.48, , , , , ,29.82, ,AA, , , ,29.82, 
94274,20111009,2353,12,FEW100, ,10.00, , , ,52, ,11.1, ,51, ,10.5, ,50, ,10.0, , 93, , 0, ,000, , , ,29.44, , , , , ,29.78, ,AA, ,0.01, ,29.78, 
94274,20111010,0053,12,SCT044 BKN065, , 7.00, , , ,50, ,10.0, ,49, ,9.7, ,49, ,9.4, , 96, , 0, ,000, , , ,29.42, ,8, ,023, ,29.76, ,AA, , , ,29.76, 
94274,20111010,0153,12,BKN034 BKN050, , 9.00, , , ,51, ,10.6, ,50, ,10.2, ,50, ,10.0, , 96, , 0, ,000, , , ,29.40, , , , , ,29.74, ,AA, , , ,29.74, 
94274,20111010,0253,12,FEW025 BKN030 OVC100, , 9.00, , , ,51, ,10.6, ,50, ,10.2, ,50, ,10.0, , 96, , 0, ,000, , , ,29.38, , , , , ,29.71, ,AA, , , ,29.72, 
94274,20111010,0336,12,FEW003 SCT028 BKN044, , 6.00, ,BR, ,52, ,11.0, ,51, ,10.5, ,50, ,10.0, , 93, , 3, ,110, , , ,29.34, , , , , ,M, ,SP, , , ,29.68, 
94274,20111010,0342,12,BKN003 BKN024 BKN036, , 6.00, ,BR, ,52, ,11.0, ,51, ,10.5, ,50, ,10.0, , 93, , 0, ,000, , , ,29.33, , , , , ,M, ,SP, , , ,29.67, 
94274,20111010,0353,12,BKN003, , 4.00, ,BR, ,51, ,10.6, ,50, ,10.2, ,50, ,10.0, , 96, , 0, ,000, , , ,29.33, ,8, ,031, ,29.67, ,AA, , , ,29.67, 
94274,20111010,0401,12,BKN001 BKN033 BKN110, , 3.00, ,BR, ,52, ,11.0, ,51, ,10.5, ,50, ,10.0, , 93, , 0, ,000, , , ,29.33, , , , , ,M, ,SP, , , ,29.67, 
94274,20111010,0413,12,SCT001 SCT075 BKN110, , 6.00, ,BR, ,52, ,11.0, ,51, ,10.5, ,50, ,10.0, , 93, , 0, ,000, , , ,29.33, , , , , ,M, ,SP, , , ,29.67, 
94274,20111010,0453,12,SCT090 OVC110, , 4.00, ,BR, ,50, ,10.0, ,50, ,10.0, ,50, ,10.0, ,100, , 0, ,000, , , ,29.31, , , , , ,29.65, ,AA, , , ,29.65, 
94274,20111010,0508,12,BKN085 OVC100, , 2.50, ,BR, ,52, ,11.0, ,50, ,9.9, ,48, ,9.0, , 86, , 0, ,000, , , ,29.31, , , , , ,M, ,SP, , , ,29.65, 
94274,20111010,0515,12,OVC085, , 7.00, , , ,52, ,11.0, ,51, ,10.5, ,50, ,10.0, , 93, , 0, ,000, , , ,29.30, , , , , ,M, ,SP, , , ,29.64, 
94274,20111010,0553,12,FEW070 OVC080, , 7.00, , , ,51, ,10.6, ,50, ,10.2, ,50, ,10.0, , 96, , 0, ,000, , , ,29.29, , , , , ,29.63, ,AA, , , ,29.63, 
94274,20111010,0651,12,SCT002 BKN045 OVC075, , 3.00, ,-RA BR, ,52, ,11.0, ,52, ,11.1, ,52, ,11.0, ,100, , 3, ,120, , , ,29.27, , , , , ,M, ,SP, , , ,29.61, 
94274,20111010,0653,12,SCT002 BKN045 OVC075, , 3.00, ,-RA BR, ,51, ,10.6, ,51, ,10.5, ,51, ,10.6, ,100, , 0, ,000, , , ,29.27, ,8, ,020, ,29.61, ,AA, ,0.01, ,29.61, 
94274,20111010,0753,12,OVC044, , 4.00, ,-RA BR, ,52, ,11.1, ,51, ,10.8, ,51, ,10.6, , 96, , 0, ,000, , , ,29.27, , , , , ,29.61, ,AA, ,0.05, ,29.61, 
94274,20111010,0801,12,FEW001 OVC044, , 4.00, ,-RA BR, ,52, ,11.0, ,52, ,11.1, ,52, ,11.0, ,100, , 3, ,290, , , ,29.26, , , , , ,M, ,SP, , , ,29.60, 
94274,20111010,0851,12,SCT001 BKN025 OVC039, , 4.00, ,-RA BR, ,52, ,11.0, ,51, ,10.5, ,50, ,10.0, , 93, , 0, ,000, , , ,29.24, , , , , ,M, ,SP, , , ,29.58, 
94274,20111010,0853,12,SCT001 BKN025 OVC039, , 4.00, ,-RA BR, ,52, ,11.1, ,51, ,10.8, ,51, ,10.6, , 96, , 3, ,060, , , ,29.23, , , , , ,29.57, ,AA, ,0.01, ,29.57, 
94274,20111010,0953,12,SCT001 BKN029 OVC039, ,10.00, , , ,51, ,10.6, ,49, ,9.7, ,48, ,8.9, , 90, , 0, ,000, , , ,29.22, ,8, ,017, ,29.56, ,AA, ,  T, ,29.56, 
94274,20111010,1036,12,BKN008 OVC029, , 3.00, ,BR, ,52, ,11.0, ,51, ,10.5, ,50, ,10.0, , 93, , 0, ,000, , , ,29.22, , , , , ,M, ,SP, , , ,29.56, 
94274,20111010,1053,12,BKN008 OVC025, , 3.00, ,-RA BR, ,52, ,11.1, ,51, ,10.5, ,50, ,10.0, , 93, , 0, ,000, , , ,29.21, , , , , ,29.55, ,AA, ,  T, ,29.55, 
94274,20111010,1101,12,SCT008 BKN019 OVC025, , 4.00, ,BR, ,52, ,11.0, ,51, ,10.5, ,50, ,10.0, , 93, , 3, ,160, , , ,29.21, , , , , ,M, ,SP, , , ,29.55, 
94274,20111010,1153,12,SCT006 BKN022 BKN035, , 4.00, ,BR, ,55, ,12.8, ,53, ,11.8, ,52, ,11.1, , 90, , 7, ,180, , , ,29.19, , , , , ,29.53, ,AA, , , ,29.53, 
94274,20111010,1253,12,SCT006 BKN022 BKN035, ,10.00, , , ,54, ,12.2, ,53, ,11.6, ,52, ,11.1, , 93, , 8, ,180, , , ,29.21, ,5, ,006, ,29.54, ,AA, , , ,29.54, 
94274,20111010,1353,12,FEW008 BKN022 OVC035, ,10.00, , , ,58, ,14.4, ,56, ,13.2, ,54, ,12.2, , 87, ,14, ,190, ,21, ,29.21, , , , , ,29.54, ,AA, , , ,29.54, 
94274,20111010,1453,12,BKN022 OVC060, ,10.00, , , ,58, ,14.4, ,55, ,12.9, ,53, ,11.7, , 84, ,14, ,190, ,22, ,29.21, , , , , ,29.55, ,AA, , , ,29.55, 
94274,20111010,1553,12,BKN022 BKN050 OVC070, ,10.00, , , ,57, ,13.9, ,55, ,12.6, ,53, ,11.7, , 87, ,10, ,200, , , ,29.24, ,3, ,013, ,29.57, ,AA, ,  T, ,29.58, 
94274,20111010,1651,12,SCT042 BKN055 BKN080, ,10.00, ,-RA, ,55, ,13.0, ,53, ,11.8, ,52, ,11.0, , 90, ,15, ,190, ,22, ,29.26, , , , , ,M, ,SP, , , ,29.60, 
94274,20111010,1653,12,SCT042 BKN055 BKN080, ,10.00, ,-RA, ,56, ,13.3, ,54, ,12.1, ,52, ,11.1, , 87, ,15, ,190, , , ,29.26, , , , , ,29.60, ,AA, ,  T, ,29.60, 
94274,20111010,1753,12,SCT038 BKN095 BKN110, ,10.00, , , ,56, ,13.3, ,53, ,11.8, ,51, ,10.6, , 83, ,13, ,180, , , ,29.27, , , , , ,29.60, ,AA, ,0.01, ,29.61, 
94274,20111010,1853,12,FEW034 BKN047 OVC060, ,10.00, ,-RA, ,56, ,13.3, ,53, ,11.5, ,50, ,10.0, , 80, ,13, ,190, ,21, ,29.28, ,1, ,013, ,29.61, ,AA, ,  T, ,29.62, 
94274,20111010,1953,12,SCT024 BKN034 OVC041, , 4.00, ,+RA BR, ,54, ,12.2, ,52, ,11.3, ,51, ,10.6, , 90, ,11, ,160, ,21, ,29.25, , , , , ,29.59, ,AA, ,0.06, ,29.59, 
94274,20111010,2053,12,FEW044 OVC065, ,10.00, , , ,53, ,11.7, ,52, ,11.3, ,52, ,11.1, , 96, , 7, ,170, , , ,29.25, , , , , ,29.59, ,AA, ,0.05, ,29.59, 
94274,20111010,2142,12,SCT019 BKN027 OVC040, , 6.00, ,-RA BR, ,54, ,12.0, ,53, ,11.6, ,52, ,11.0, , 93, , 8, ,190, , , ,29.25, , , , , ,M, ,SP, , , ,29.59, 
94274,20111010,2153,12,BKN017 BKN024 OVC029, , 9.00, ,-RA, ,53, ,11.7, ,52, ,11.3, ,52, ,11.1, , 96, , 6, ,190, , , ,29.25, ,6, ,009, ,29.59, ,AA, ,0.05, ,29.59, 
94274,20111010,2253,12,BKN015 BKN027 OVC035, ,10.00, , , ,54, ,12.2, ,53, ,11.6, ,52, ,11.1, , 93, ,10, ,180, , , ,29.24, , , , , ,29.58, ,AA, ,  T, ,29.58, 
94274,20111010,2313,12,SCT015 SCT028 OVC039, ,10.00, , , ,54, ,12.0, ,53, ,11.6, ,52, ,11.0, , 93, ,10, ,180, , , ,29.24, , , , , ,M, ,SP, , , ,29.58, 
94274,20111010,2353,12,FEW014 BKN035 OVC049, ,10.00, , , ,54, ,12.2, ,52, ,11.3, ,51, ,10.6, , 90, , 9, ,170, , , ,29.24, , , , , ,29.58, ,AA, , , ,29.58, 
94274,20111011,0053,12,BKN035 BKN046 OVC055, , 7.00, ,-RA, ,54, ,12.2, ,52, ,11.3, ,51, ,10.6, , 90, ,16, ,180, ,23, ,29.24, ,6, ,003, ,29.58, ,AA, ,0.04,s,29.58, 
94274,20111011,0151,12,BKN028 OVC055, , 4.00, ,+RA BR, ,54, ,12.0, ,53, ,11.6, ,52, ,11.0, , 93, ,15, ,180, ,24, ,29.24, , , , , ,M, ,SP, , , ,29.58, 
94274,20111011,0153,12,BKN028 OVC055, , 3.00, ,+RA BR, ,54, ,12.2, ,53, ,11.6, ,52, ,11.1, , 93, ,13, ,190, ,24, ,29.24, , , , , ,29.58, ,AA, ,0.17, ,29.58, 
94274,20111011,0202,12,SCT026 BKN032 OVC055, , 6.00, ,RA BR, ,54, ,12.0, ,53, ,11.6, ,52, ,11.0, , 93, ,16, ,180, ,21, ,29.24, , , , , ,M, ,SP, , , ,29.58, 
94274,20111011,0217,12,SCT014 BKN020 OVC033, , 3.00, ,RA BR, ,54, ,12.0, ,53, ,11.6, ,52, ,11.0, , 93, ,20, ,190, ,32, ,29.24, , , , , ,M, ,SP, , , ,29.58, 
94274,20111011,0241,12,SCT013 BKN048 OVC060, , 7.00, ,RA, ,54, ,12.0, ,53, ,11.6, ,52, ,11.0, , 93, ,16, ,190, ,25, ,29.24, , , , , ,M, ,SP, , , ,29.58, 
94274,20111011,0253,12,SCT047 OVC060, , 8.00, ,RA, ,53, ,11.7, ,52, ,11.0, ,51, ,10.6, , 93, ,18, ,180, ,25, ,29.24, , , , , ,29.58, ,AA, ,0.14, ,29.58, 
94274,20111011,0353,12,FEW028 BKN049 OVC060, , 8.00, ,-RA, ,53, ,11.7, ,52, ,11.0, ,51, ,10.6, , 93, ,16, ,190, ,23, ,29.28, ,3, ,014, ,29.62, ,AA, ,0.12, ,29.62, 
94274,20111011,0453,12,SCT030 SCT065 BKN110, ,10.00, , , ,53, ,11.7, ,52, ,11.0, ,51, ,10.6, , 93, ,15, ,190, , , ,29.31, , , , , ,29.65, ,AA, ,0.02, ,29.65, 
94274,20111011,0553,12,SCT033 BKN050 BKN070, ,10.00, ,-RA, ,52, ,11.1, ,50, ,9.9, ,48, ,8.9, , 86, ,11, ,210, ,23, ,29.34, , , , , ,29.68, ,AA, ,0.06, ,29.68, 
94274,20111011,0651,12,SCT010 BKN027 BKN044, ,10.00, , , ,52, ,11.0, ,51, ,10.5, ,50, ,10.0, , 93, ,15, ,190, ,22, ,29.37, , , , , ,M, ,SP, , , ,29.71, 
94274,20111011,0653,12,SCT010 BKN027 BKN044, ,10.00, , , ,52, ,11.1, ,50, ,10.2, ,49, ,9.4, , 90, ,14, ,190, ,22, ,29.37, ,1, ,030, ,29.71, ,AA, ,0.01, ,29.71, 
94274,20111011,0751,12,SCT024 BKN033 OVC047, , 6.00, ,BR, ,54, ,12.0, ,53, ,11.6, ,52, ,11.0, , 93, ,16, ,200, ,24, ,29.40, , , , , ,M, ,SP, , , ,29.74, 
94274,20111011,0753,12,SCT024 BKN033 OVC047, , 6.00, ,-RA BR, ,54, ,12.2, ,52, ,11.3, ,51, ,10.6, , 90, ,17, ,190, ,24, ,29.40, , , , , ,29.74, ,AA, ,0.05, ,29.74, 
94274,20111011,0853,12,SCT028 BKN035 BKN042, ,10.00, , , ,56, ,13.3, ,53, ,11.8, ,51, ,10.6, , 83, ,15, ,180, ,24, ,29.43, , , , , ,29.77, ,AA, ,  T, ,29.77, 
94274,20111011,0953,12,SCT028 BKN042, ,10.00, , , ,55, ,12.8, ,53, ,11.5, ,51, ,10.6, , 86, ,15, ,180, , , ,29.47, ,3, ,034, ,29.81, ,AA, ,  T, ,29.81, 
94274,20111011,1053,12,SCT030 BKN040, ,10.00, , , ,56, ,13.3, ,54, ,12.1, ,52, ,11.1, , 87, ,13, ,180, ,22, ,29.50, , , , , ,29.83, ,AA, ,0.01, ,29.84, 
94274,20111011,1151,12,FEW014 BKN023 OVC040, , 3.00, ,-RA BR, ,55, ,13.0, ,54, ,12.4, ,54, ,12.0, , 96, ,14, ,170, ,24, ,29.52, , , , , ,M, ,SP, , , ,29.86, 
94274,20111011,1153,12,FEW016 BKN023 OVC040, , 4.00, ,-RA BR, ,55, ,12.8, ,54, ,12.1, ,53, ,11.7, , 93, ,17, ,180, ,24, ,29.52, , , , , ,29.86, ,AA, ,0.03, ,29.86, 
94274,20111011,1206,12,SCT016 BKN034 OVC045, ,10.00, , , ,55, ,13.0, ,54, ,12.4, ,54, ,12.0, , 96, ,14, ,180, ,23, ,29.52, , , , , ,M, ,SP, , , ,29.86, 
94274,20111011,1253,12,SCT012 BKN034 BKN045, ,10.00, ,-RA, ,56, ,13.3, ,55, ,12.7, ,54, ,12.2, , 93, ,15, ,190, , , ,29.53, ,1, ,021, ,29.87, ,AA, ,  T, ,29.87, 
94274,20111011,1353,12,SCT019 BKN045 OVC080, ,10.00, ,-RA, ,57, ,13.9, ,54, ,12.3, ,52, ,11.1, , 83, ,17, ,190, ,23, ,29.55, , , , , ,29.88, ,AA, ,  T, ,29.89, 
94274,20111011,1413,12,SCT014 BKN023 OVC070, , 2.00, ,RA, ,54, ,12.0, ,51, ,10.4, ,48, ,9.0, , 80, , 6, ,VR , , , ,29.56, , , , , ,M, ,SP, , , ,29.90, 
94274,20111011,1420,12,SCT014 BKN023 OVC070, , 5.00, ,-RA BR, ,54, ,12.0, ,52, ,11.0, ,50, ,10.0, , 86, , 8, ,220, , , ,29.56, , , , , ,M, ,SP, , , ,29.90, 
94274,20111011,1451,12,SCT014 BKN050 OVC085, ,10.00, , , ,55, ,13.0, ,53, ,11.8, ,52, ,11.0, , 90, ,14, ,200, ,22, ,29.56, , , , , ,M, ,SP, , , ,29.90, 
94274,20111011,1453,12,SCT014 BKN050 OVC085, ,10.00, , , ,56, ,13.3, ,53, ,11.8, ,51, ,10.6, , 83, ,16, ,200, ,24, ,29.56, , , , , ,29.90, ,AA, ,0.12, ,29.90, 
94274,20111011,1551,12,FEW019 BKN029 OVC060, ,10.00, , , ,54, ,12.0, ,53, ,11.6, ,52, ,11.0, , 93, , 8, ,210, , , ,29.59, , , , , ,M, ,SP, , , ,29.93, 
94274,20111011,1553,12,FEW019 BKN039 OVC060, ,10.00, , , ,54, ,12.2, ,53, ,11.6, ,52, ,11.1, , 93, , 7, ,220, , , ,29.59, ,3, ,019, ,29.93, ,AA, ,0.05, ,29.93, 
94274,20111011,1653,12,FEW038 SCT070 OVC085, ,10.00, , , ,55, ,12.8, ,53, ,11.5, ,51, ,10.6, , 86, ,14, ,190, ,22, ,29.61, , , , , ,29.95, ,AA, ,  T, ,29.95, 
94274,20111011,1753,12,FEW022 BKN030 OVC055, ,10.00, , , ,53, ,11.7, ,51, ,10.7, ,50, ,10.0, , 90, ,15, ,190, ,21, ,29.64, , , , , ,29.98, ,AA, ,  T, ,29.98, 
94274,20111011,1853,12,FEW026 BKN035 OVC110, , 9.00, ,RA, ,54, ,12.2, ,52, ,11.0, ,50, ,10.0, , 86, ,15, ,190, ,21, ,29.67, ,3, ,028, ,30.01, ,AA, ,0.03,s,30.01, 
94274,20111011,1953,12,SCT018 BKN033 OVC050, , 7.00, ,-RA, ,53, ,11.7, ,52, ,11.0, ,51, ,10.6, , 93, ,10, ,180, ,16, ,29.69, , , , , ,30.03, ,AA, ,0.04, ,30.03, 
94274,20111011,2053,12,FEW060 OVC100, ,10.00, , , ,53, ,11.7, ,51, ,10.5, ,49, ,9.4, , 86, ,11, ,190, , , ,29.71, , , , , ,30.05, ,AA, ,  T, ,30.05, 
94274,20111011,2153,12,FEW039 BKN095 OVC110, ,10.00, , , ,52, ,11.1, ,50, ,10.2, ,49, ,9.4, , 90, ,10, ,190, , , ,29.74, ,3, ,016, ,30.07, ,AA, , , ,30.08, 
94274,20111011,2253,12,SCT030 BKN041 BKN055, , 8.00, ,-RA, ,52, ,11.1, ,50, ,10.2, ,49, ,9.4, , 90, ,13, ,210, , , ,29.77, , , , , ,30.11, ,AA, ,0.02, ,30.11, 
94274,20111011,2353,12,FEW027 SCT046 OVC060, ,10.00, ,-RA, ,51, ,10.6, ,50, ,9.9, ,49, ,9.4, , 93, , 6, ,210, , , ,29.78, , , , , ,30.12, ,AA, ,0.02, ,30.12, 
94274,20111012,0053,12,FEW070 SCT090, ,10.00, , , ,51, ,10.6, ,49, ,9.4, ,47, ,8.3, , 86, ,10, ,180, , , ,29.79, ,1, ,019, ,30.13, ,AA, ,  T, ,30.13, 
94274,20111012,0153,12,SCT100, ,10.00, , , ,51, ,10.6, ,49, ,9.7, ,48, ,8.9, , 90, , 8, ,180, , , ,29.81, , , , , ,30.15, ,AA, , , ,30.15, 
94274,20111012,0253,12,FEW095, ,10.00, , , ,50, ,10.0, ,49, ,9.4, ,48, ,8.9, , 93, , 8, ,180, , , ,29.82, , , , , ,30.16, ,AA, , , ,30.16, 
94274,20111012,0353,12,SCT023 BKN090, ,10.00, , , ,50, ,10.0, ,49, ,9.4, ,48, ,8.9, , 93, ,10, ,190, , , ,29.83, ,1, ,014, ,30.17, ,AA, , , ,30.17, 
94274,20111012,0445,12,SCT005 SCT090, ,10.00, , , ,50, ,10.0, ,49, ,9.4, ,48, ,9.0, , 93, , 5, ,130, , , ,29.83, , , , , ,M, ,SP, , , ,30.17, 
94274,20111012,0453,12,SCT005 BKN090, ,10.00, , , ,49, ,9.4, ,48, ,9.1, ,48, ,8.9, , 96, , 6, ,150, , , ,29.83, , , , , ,30.17, ,AA, , , ,30.17, 
94274,20111012,0553,12,FEW008, ,10.00, , , ,50, ,10.0, ,49, ,9.4, ,48, ,8.9, , 93, , 6, ,160, , , ,29.84, , , , , ,30.19, ,AA, , , ,30.18, 
94274,20111012,0653,12,SCT010 SCT040, ,10.00, , , ,50, ,10.0, ,49, ,9.4, ,48, ,8.9, , 93, , 6, ,160, , , ,29.86, ,3, ,008, ,30.20, ,AA, , , ,30.20, 
94274,20111012,0753,12,SCT010 SCT030, ,10.00, , , ,51, ,10.6, ,49, ,9.7, ,48, ,8.9, , 90, , 6, ,160, , , ,29.87, , , , , ,30.22, ,AA, , , ,30.21, 
94274,20111012,0853,12,SCT010 SCT030, ,10.00, , , ,52, ,11.1, ,50, ,9.9, ,48, ,8.9, , 86, , 7, ,190, , , ,29.89, , , , , ,30.23, ,AA, , , ,30.23, 
94274,20111012,0953,12,SCT013, ,10.00, , , ,54, ,12.2, ,52, ,11.0, ,50, ,10.0, , 86, , 8, ,170, , , ,29.89, ,0, ,010, ,30.23, ,AA, , , ,30.23, 
94274,20111012,1053,12,FEW100, ,10.00, , , ,55, ,12.8, ,51, ,10.7, ,48, ,8.9, , 77, , 9, ,190, , , ,29.89, , , , , ,30.23, ,AA, , , ,30.23, 
94274,20111012,1153,12,FEW095, ,10.00, , , ,58, ,14.4, ,53, ,11.5, ,48, ,8.9, , 70, ,10, ,190, , , ,29.88, , , , , ,30.22, ,AA, , , ,30.22, 
94274,20111012,1253,12,SCT023 SCT080, ,10.00, , , ,59, ,15.0, ,53, ,11.5, ,47, ,8.3, , 65, , 7, ,190, , , ,29.87, ,8, ,004, ,30.22, ,AA, , , ,30.21, 
94274,20111012,1353,12,SCT030 SCT035 BKN090, ,10.00, , , ,55, ,12.8, ,51, ,10.4, ,47, ,8.3, , 75, , 7, ,300, , , ,29.88, , , , , ,30.22, ,AA, , , ,30.22, 
94274,20111012,1453,12,SCT039 SCT050 OVC065, ,10.00, , , ,52, ,11.1, ,50, ,9.9, ,48, ,8.9, , 86, , 3, ,150, , , ,29.89, , , , , ,30.23, ,AA, ,0.05, ,30.23, 
94274,20111012,1553,12,SCT100, ,10.00, , , ,53, ,11.7, ,50, ,10.2, ,48, ,8.9, , 83, , 7, ,180, , , ,29.89, ,0, ,004, ,30.23, ,AA, , , ,30.23, 
94274,20111012,1653,12,FEW075 SCT095, ,10.00, , , ,53, ,11.7, ,50, ,9.9, ,47, ,8.3, , 80, , 5, ,190, , , ,29.88, , , , , ,30.23, ,AA, ,  T, ,30.22, 
94274,20111012,1753,12,FEW100, ,10.00, , , ,52, ,11.1, ,49, ,9.7, ,47, ,8.3, , 83, , 6, ,170, , , ,29.88, , , , , ,30.22, ,AA, , , ,30.22, 
94274,20111012,1853,12,FEW090, ,10.00, , , ,51, ,10.6, ,49, ,9.7, ,48, ,8.9, , 90, , 6, ,180, , , ,29.88, ,5, ,001, ,30.22, ,AA, , , ,30.22, 
94274,20111012,1953,12,FEW095, ,10.00, , , ,51, ,10.6, ,49, ,9.7, ,48, ,8.9, , 90, , 0, ,000, , , ,29.89, , , , , ,30.24, ,AA, , , ,30.23, 
94274,20111012,2053,12,FEW090, ,10.00, , , ,50, ,10.0, ,48, ,9.1, ,47, ,8.3, , 90, , 3, ,110, , , ,29.90, , , , , ,30.24, ,AA, , , ,30.24, 
94274,20111012,2153,12,CLR, ,10.00, , , ,50, ,10.0, ,49, ,9.4, ,48, ,8.9, , 93, , 0, ,000, , , ,29.90, ,1, ,005, ,30.24, ,AA, , , ,30.24, 
94274,20111012,2253,12,FEW090, ,10.00, , , ,49, ,9.4, ,48, ,8.8, ,47, ,8.3, , 93, , 0, ,000, , , ,29.91, , , , , ,30.25, ,AA, , , ,30.25, 
94274,20111012,2353,12,FEW012, , 9.00, , , ,47, ,8.3, ,47, ,8.0, ,46, ,7.8, , 96, , 0, ,000, , , ,29.90, , , , , ,30.24, ,AA, , , ,30.24, 
94274,20111013,0007,12,BKN012, , 9.00, , , ,48, ,9.0, ,47, ,8.3, ,46, ,8.0, , 93, , 0, ,000, , , ,29.91, , , , , ,M, ,SP, , , ,30.25, 
94274,20111013,0053,12,BKN012, , 7.00, , , ,47, ,8.3, ,47, ,8.0, ,46, ,7.8, , 96, , 0, ,000, , , ,29.91, ,2, ,004, ,30.25, ,AA, ,0.01, ,30.25, 
94274,20111013,0114,12,SCT012, ,10.00, , , ,48, ,9.0, ,47, ,8.3, ,46, ,8.0, , 93, , 0, ,000, , , ,29.90, , , , , ,M, ,SP, , , ,30.24, 
94274,20111013,0125,12,SCT004 BKN010, ,10.00, , , ,46, ,8.0, ,46, ,7.7, ,46, ,8.0, ,100, , 0, ,000, , , ,29.90, , , , , ,M, ,SP, , , ,30.24, 
94274,20111013,0133,12,BKN004, , 9.00, , , ,48, ,9.0, ,47, ,8.3, ,46, ,8.0, , 93, , 0, ,000, , , ,29.91, , , , , ,M, ,SP, , , ,30.25, 
94274,20111013,0153,12,OVC004, ,10.00, , , ,48, ,8.9, ,48, ,8.6, ,47, ,8.3, , 96, , 0, ,000, , , ,29.91, , , , , ,30.25, ,AA, , , ,30.25, 
94274,20111013,0251,12,OVC002, , 1.75, ,BR, ,48, ,9.0, ,48, ,8.8, ,48, ,9.0, ,100, , 0, ,000, , , ,29.90, , , , , ,M, ,SP, , , ,30.24, 
94274,20111013,0253,12,OVC002, , 1.50, ,BR, ,48, ,8.9, ,48, ,8.8, ,48, ,8.9, ,100, , 0, ,000, , , ,29.90, , , , , ,30.24, ,AA, , , ,30.24, 
94274,20111013,0307,12,OVC002, , 2.50, ,BR, ,48, ,9.0, ,48, ,8.8, ,48, ,9.0, ,100, , 0, ,000, , , ,29.90, , , , , ,M, ,SP, , , ,30.24, 
94274,20111013,0318,12,OVC002, , 3.00, ,BR, ,48, ,9.0, ,48, ,8.8, ,48, ,9.0, ,100, , 0, ,000, , , ,29.89, , , , , ,M, ,SP, , , ,30.23, 
94274,20111013,0353,12,OVC004, , 8.00, , , ,49, ,9.4, ,48, ,8.8, ,47, ,8.3, , 93, , 0, ,000, , , ,29.89, ,8, ,008, ,30.23, ,AA, , , ,30.23, 
94274,20111013,0406,12,OVC006, , 7.00, , , ,48, ,9.0, ,47, ,8.3, ,46, ,8.0, , 93, , 0, ,000, , , ,29.89, , , , , ,M, ,SP, , , ,30.23, 
94274,20111013,0433,12,OVC004, , 7.00, , , ,48, ,9.0, ,47, ,8.3, ,46, ,8.0, , 93, , 0, ,000, , , ,29.89, , , , , ,M, ,SP, , , ,30.23, 
94274,20111013,0453,12,OVC004, , 7.00, , , ,49, ,9.4, ,48, ,8.8, ,47, ,8.3, , 93, , 3, ,040, , , ,29.88, , , , , ,30.23, ,AA, , , ,30.22, 
94274,20111013,0553,12,OVC004, , 6.00, ,BR, ,48, ,8.9, ,48, ,8.6, ,47, ,8.3, , 96, , 5, ,360, , , ,29.88, , , , , ,30.22, ,AA, , , ,30.22, 
94274,20111013,0613,12,OVC002, , 1.75, ,BR, ,48, ,9.0, ,47, ,8.3, ,46, ,8.0, , 93, , 6, ,350, , , ,29.88, , , , , ,M, ,SP, , , ,30.22, 
94274,20111013,0631,12,OVC002, , 2.00, ,BR, ,48, ,9.0, ,47, ,8.3, ,46, ,8.0, , 93, , 8, ,360, , , ,29.88, , , , , ,M, ,SP, , , ,30.22, 
94274,20111013,0646,12,OVC002, , 4.00, ,BR, ,46, ,8.0, ,46, ,7.7, ,46, ,8.0, ,100, , 6, ,010, , , ,29.89, , , , , ,M, ,SP, , , ,30.23, 
94274,20111013,0651,12,OVC002, , 2.00, ,BR, ,46, ,8.0, ,46, ,7.7, ,46, ,8.0, ,100, , 0, ,000, , , ,29.88, , , , , ,M, ,SP, , , ,30.22, 
94274,20111013,0653,12,OVC002, , 2.00, ,BR, ,47, ,8.3, ,47, ,8.3, ,47, ,8.3, ,100, , 3, ,360, , , ,29.88, ,5, ,001, ,30.23, ,AA, , , ,30.22, 
94274,20111013,0751,12,BKN004, , 4.00, ,BR, ,48, ,9.0, ,47, ,8.3, ,46, ,8.0, , 93, , 3, ,010, , , ,29.88, , , , , ,M, ,SP, , , ,30.22, 
94274,20111013,0753,12,BKN004, , 4.00, ,BR, ,48, ,8.9, ,47, ,8.3, ,46, ,7.8, , 93, , 3, ,030, , , ,29.88, , , , , ,30.23, ,AA, , , ,30.22, 
94274,20111013,0853,12,OVC004, , 7.00, , , ,48, ,8.9, ,48, ,8.6, ,47, ,8.3, , 96, , 5, ,VR , , , ,29.88, , , , , ,30.22, ,AA, , , ,30.22, 
94274,20111013,0953,12,OVC004, ,10.00, , , ,49, ,9.4, ,48, ,8.8, ,47, ,8.3, , 93, , 6, ,360, , , ,29.88, ,8, ,002, ,30.22, ,AA, , , ,30.22, 
94274,20111013,1018,12,OVC006, ,10.00, , , ,50, ,10.0, ,48, ,8.8, ,46, ,8.0, , 86, , 5, ,350, , , ,29.88, , , , , ,M, ,SP, , , ,30.22, 
94274,20111013,1040,12,SCT006, ,10.00, , , ,52, ,11.0, ,49, ,9.4, ,46, ,8.0, , 80, , 7, ,350, , , ,29.86, , , , , ,M, ,SP, , , ,30.20, 
94274,20111013,1053,12,SCT006, ,10.00, , , ,53, ,11.7, ,50, ,9.9, ,47, ,8.3, , 80, , 6, ,VR , , , ,29.85, , , , , ,30.19, ,AA, , , ,30.19, 
94274,20111013,1153,12,FEW030, ,10.00, , , ,54, ,12.2, ,49, ,9.2, ,43, ,6.1, , 67, ,10, ,010, , , ,29.84, , , , , ,30.18, ,AA, , , ,30.18, 
94274,20111013,1253,12,CLR, ,10.00, , , ,55, ,12.8, ,48, ,8.9, ,41, ,5.0, , 59, ,15, ,010, , , ,29.81, ,8, ,022, ,30.15, ,AA, , , ,30.15, 
94274,20111013,1353,12,CLR, ,10.00, , , ,54, ,12.2, ,49, ,9.2, ,43, ,6.1, , 67, ,11, ,360, , , ,29.79, , , , , ,30.13, ,AA, , , ,30.13, 
94274,20111013,1453,12,CLR, ,10.00, , , ,55, ,12.8, ,49, ,9.4, ,43, ,6.1, , 64, ,11, ,360, ,18, ,29.78, , , , , ,30.12, ,AA, , , ,30.12, 
94274,20111013,1553,12,CLR, ,10.00, , , ,54, ,12.2, ,49, ,9.4, ,44, ,6.7, , 69, , 8, ,360, , , ,29.76, ,6, ,016, ,30.11, ,AA, , , ,30.10, 
94274,20111013,1653,12,CLR, ,10.00, , , ,50, ,10.0, ,47, ,8.3, ,44, ,6.7, , 80, ,10, ,350, , , ,29.75, , , , , ,30.09, ,AA, , , ,30.09, 
94274,20111013,1753,12,CLR, ,10.00, , , ,51, ,10.6, ,48, ,8.6, ,44, ,6.7, , 77, ,10, ,360, , , ,29.73, , , , , ,30.08, ,AA, , , ,30.07, 
94274,20111013,1853,12,FEW120, ,10.00, , , ,51, ,10.6, ,47, ,8.3, ,43, ,6.1, , 74, , 9, ,010, , , ,29.73, ,6, ,012, ,30.07, ,AA, , , ,30.07, 
94274,20111013,1953,12,FEW095, ,10.00, , , ,51, ,10.6, ,47, ,8.3, ,43, ,6.1, , 74, , 6, ,010, , , ,29.73, , , , , ,30.07, ,AA, , , ,30.07, 
94274,20111013,2053,12,SCT120, ,10.00, , , ,50, ,10.0, ,47, ,8.1, ,43, ,6.1, , 77, , 6, ,010, , , ,29.71, , , , , ,30.06, ,AA, , , ,30.05, 
94274,20111013,2153,12,BKN110, ,10.00, , , ,50, ,10.0, ,47, ,8.3, ,44, ,6.7, , 80, ,10, ,360, , , ,29.71, ,5, ,005, ,30.06, ,AA, , , ,30.05, 
94274,20111013,2253,12,OVC110, ,10.00, , , ,50, ,10.0, ,47, ,8.1, ,43, ,6.1, , 77, ,10, ,010, , , ,29.70, , , , , ,30.04, ,AA, , , ,30.04, 
94274,20111013,2353,12,BKN110, ,10.00, , , ,50, ,10.0, ,47, ,8.1, ,43, ,6.1, , 77, , 8, ,010, ,20, ,29.70, , , , , ,30.04, ,AA, , , ,30.04, 
94274,20111014,0053,12,OVC100, ,10.00, , , ,50, ,10.0, ,47, ,8.3, ,44, ,6.7, , 80, , 6, ,010, , , ,29.69, ,6, ,006, ,30.03, ,AA, , , ,30.03, 
94274,20111014,0153,12,OVC090, ,10.00, , , ,50, ,10.0, ,48, ,8.6, ,45, ,7.2, , 83, , 6, ,020, , , ,29.68, , , , , ,30.02, ,AA, , , ,30.02, 
94274,20111014,0253,12,BKN095, ,10.00, , , ,50, ,10.0, ,48, ,8.6, ,45, ,7.2, , 83, , 6, ,040, , , ,29.67, , , , , ,30.01, ,AA, , , ,30.01, 
94274,20111014,0353,12,SCT012 OVC090, ,10.00, , , ,48, ,8.9, ,47, ,8.0, ,45, ,7.2, , 89, , 5, ,030, , , ,29.67, ,6, ,008, ,30.01, ,AA, , , ,30.01, 
94274,20111014,0404,12,BKN012 OVC090, ,10.00, , , ,48, ,9.0, ,47, ,8.3, ,46, ,8.0, , 93, , 6, ,020, , , ,29.67, , , , , ,M, ,SP, , , ,30.01, 
94274,20111014,0451,12,SCT012 OVC070, ,10.00, , , ,50, ,10.0, ,48, ,8.8, ,46, ,8.0, , 86, , 6, ,010, , , ,29.67, , , , , ,M, ,SP, , , ,30.01, 
94274,20111014,0453,12,SCT012 OVC070, ,10.00, , , ,50, ,10.0, ,48, ,8.8, ,46, ,7.8, , 86, , 6, ,010, , , ,29.67, , , , , ,30.01, ,AA, , , ,30.01, 
94274,20111014,0514,12,BKN012 OVC075, ,10.00, , , ,50, ,10.0, ,48, ,8.8, ,46, ,8.0, , 86, , 7, ,010, , , ,29.66, , , , , ,M, ,SP, , , ,30.00, 
94274,20111014,0553,12,FEW010 SCT060 OVC070, ,10.00, ,-RA, ,49, ,9.4, ,48, ,8.6, ,46, ,7.8, , 89, , 6, ,010, , , ,29.66, , , , , ,30.00, ,AA, ,  T, ,30.00, 
94274,20111014,0653,12,FEW015 OVC080, ,10.00, , , ,50, ,10.0, ,48, ,8.8, ,46, ,7.8, , 86, ,10, ,010, , , ,29.67, ,5, ,001, ,30.01, ,AA, ,  T, ,30.01, 
94274,20111014,0753,12,BKN065 BKN080, ,10.00, , , ,50, ,10.0, ,48, ,9.1, ,47, ,8.3, , 90, , 9, ,010, , , ,29.67, , , , , ,30.02, ,AA, ,  T, ,30.01, 
94274,20111014,0853,12,FEW065 OVC080, ,10.00, , , ,50, ,10.0, ,48, ,9.1, ,47, ,8.3, , 90, ,10, ,360, , , ,29.67, , , , , ,30.01, ,AA, ,  T, ,30.01, 
94274,20111014,0921,12,FEW007 BKN065 OVC080, ,10.00, , , ,50, ,10.0, ,48, ,8.8, ,46, ,8.0, , 86, ,11, ,360, , , ,29.67, , , , , ,M, ,SP, , , ,30.01, 
94274,20111014,0953,12,FEW007 SCT065 OVC080, ,10.00, , , ,50, ,10.0, ,48, ,9.1, ,47, ,8.3, , 90, ,10, ,360, , , ,29.68, ,1, ,002, ,30.02, ,AA, , , ,30.02, 
94274,20111014,1053,12,BKN100, ,10.00, , , ,52, ,11.1, ,49, ,9.4, ,46, ,7.8, , 80, ,10, ,360, , , ,29.66, , , , , ,30.01, ,AA, , , ,30.00, 
94274,20111014,1153,12,FEW035, ,10.00, , , ,54, ,12.2, ,49, ,9.7, ,45, ,7.2, , 72, ,10, ,010, , , ,29.66, , , , , ,30.01, ,AA, , , ,30.00, 
94274,20111014,1253,12,SCT035 SCT100, ,10.00, , , ,54, ,12.2, ,49, ,9.4, ,44, ,6.7, , 69, , 6, ,030, , , ,29.66, ,6, ,004, ,30.01, ,AA, , , ,30.00, 
94274,20111014,1353,12,CLR, ,10.00, , , ,55, ,12.8, ,50, ,10.2, ,46, ,7.8, , 72, , 7, ,360, , , ,29.65, , , , , ,29.99, ,AA, , , ,29.99, 
94274,20111014,1453,12,CLR, ,10.00, , , ,56, ,13.3, ,50, ,9.9, ,44, ,6.7, , 64, , 8, ,350, , , ,29.65, , , , , ,29.99, ,AA, , , ,29.99, 
94274,20111014,1553,12,CLR, ,10.00, , , ,54, ,12.2, ,50, ,9.9, ,46, ,7.8, , 75, , 6, ,020, , , ,29.65, ,6, ,006, ,29.99, ,AA, , , ,29.99, 
94274,20111014,1653,12,CLR, ,10.00, , , ,53, ,11.7, ,49, ,9.7, ,46, ,7.8, , 77, , 6, ,010, , , ,29.64, , , , , ,29.98, ,AA, , , ,29.98, 
94274,20111014,1753,12,CLR, ,10.00, , , ,52, ,11.1, ,49, ,9.1, ,45, ,7.2, , 77, , 3, ,010, , , ,29.64, , , , , ,29.98, ,AA, , , ,29.98, 
94274,20111014,1853,12,FEW090, ,10.00, , , ,51, ,10.6, ,48, ,8.6, ,44, ,6.7, , 77, , 7, ,010, , , ,29.64, ,5, ,001, ,29.98, ,AA, , , ,29.98, 
94274,20111014,1953,12,FEW090, ,10.00, , , ,50, ,10.0, ,47, ,8.3, ,44, ,6.7, , 80, , 3, ,020, , , ,29.65, , , , , ,29.99, ,AA, , , ,29.99, 
94274,20111014,2053,12,FEW095, ,10.00, , , ,50, ,10.0, ,47, ,8.3, ,44, ,6.7, , 80, , 7, ,010, , , ,29.65, , , , , ,29.99, ,AA, , , ,29.99, 
94274,20111014,2153,12,FEW090, ,10.00, , , ,49, ,9.4, ,47, ,8.0, ,44, ,6.7, , 83, , 3, ,350, , , ,29.67, ,3, ,008, ,30.01, ,AA, , , ,30.01, 
94274,20111014,2253,12,FEW100, ,10.00, , , ,47, ,8.3, ,45, ,7.2, ,43, ,6.1, , 86, , 3, ,360, , , ,29.67, , , , , ,30.01, ,AA, , , ,30.01, 
94274,20111014,2353,12,CLR, ,10.00, , , ,45, ,7.2, ,44, ,6.6, ,43, ,6.1, , 93, , 0, ,000, , , ,29.69, , , , , ,30.03, ,AA, , , ,30.03, 
94274,20111015,0053,12,FEW095, ,10.00, , , ,48, ,8.9, ,47, ,8.0, ,45, ,7.2, , 89, , 3, ,010, , , ,29.70, ,3, ,010, ,30.04, ,AA, , , ,30.04, 
94274,20111015,0153,12,CLR, ,10.00, , , ,47, ,8.3, ,46, ,7.7, ,45, ,7.2, , 93, , 0, ,000, , , ,29.71, , , , , ,30.05, ,AA, , , ,30.05, 
94274,20111015,0253,12,FEW090, ,10.00, , , ,47, ,8.3, ,46, ,7.7, ,45, ,7.2, , 93, , 0, ,000, , , ,29.72, , , , , ,30.06, ,AA, , , ,30.06, 
94274,20111015,0353,12,CLR, ,10.00, , , ,46, ,7.8, ,46, ,7.5, ,45, ,7.2, , 96, , 0, ,000, , , ,29.72, ,1, ,008, ,30.06, ,AA, , , ,30.06, 
94274,20111015,0434,12,FEW009, , 6.00, ,BR, ,45, ,7.0, ,44, ,6.6, ,43, ,6.0, , 93, , 3, ,360, , , ,29.73, , , , , ,M, ,SP, , , ,30.07, 
94274,20111015,0453,12,FEW009, ,10.00, , , ,45, ,7.2, ,44, ,6.6, ,43, ,6.1, , 93, , 0, ,000, , , ,29.73, , , , , ,30.07, ,AA, , , ,30.07, 
94274,20111015,0511,12,BKN009, ,10.00, , , ,46, ,8.0, ,46, ,7.5, ,45, ,7.0, , 96, , 5, ,030, , , ,29.73, , , , , ,M, ,SP, , , ,30.07, 
94274,20111015,0545,12,SCT009 SCT090, ,10.00, , , ,46, ,8.0, ,46, ,7.5, ,45, ,7.0, , 96, , 3, ,020, , , ,29.74, , , , , ,M, ,SP, , , ,30.08, 
94274,20111015,0553,12,SCT009 SCT090, ,10.00, , , ,47, ,8.3, ,46, ,7.5, ,44, ,6.7, , 89, , 6, ,020, , , ,29.74, , , , , ,30.08, ,AA, , , ,30.08, 
94274,20111015,0627,12,BKN009, ,10.00, , , ,46, ,8.0, ,46, ,7.5, ,45, ,7.0, , 96, , 6, ,010, , , ,29.74, , , , , ,M, ,SP, , , ,30.08, 
94274,20111015,0653,12,OVC010, ,10.00, , , ,46, ,7.8, ,45, ,7.2, ,44, ,6.7, , 93, , 8, ,020, , , ,29.74, ,1, ,007, ,30.09, ,AA, , , ,30.08, 
94274,20111015,0704,12,OVC010, ,10.00, , , ,46, ,8.0, ,46, ,7.5, ,45, ,7.0, , 96, , 9, ,020, , , ,29.75, , , , , ,M, ,SP, , , ,30.09, 
94274,20111015,0753,12,BKN010, ,10.00, , , ,47, ,8.3, ,46, ,7.5, ,44, ,6.7, , 89, ,11, ,020, ,16, ,29.76, , , , , ,30.10, ,AA, , , ,30.10, 
94274,20111015,0853,12,OVC010, ,10.00, , , ,47, ,8.3, ,46, ,7.5, ,44, ,6.7, , 89, , 7, ,010, , , ,29.77, , , , , ,30.11, ,AA, , , ,30.11, 
94274,20111015,0914,12,OVC008, ,10.00, , , ,46, ,8.0, ,46, ,7.5, ,45, ,7.0, , 96, , 7, ,020, , , ,29.78, , , , , ,M, ,SP, , , ,30.12, 
94274,20111015,0921,12,OVC010, ,10.00, , , ,48, ,9.0, ,47, ,8.0, ,45, ,7.0, , 89, , 6, ,010, , , ,29.78, , , , , ,M, ,SP, , , ,30.12, 
94274,20111015,0953,12,OVC010, ,10.00, , , ,48, ,8.9, ,46, ,7.8, ,44, ,6.7, , 86, , 6, ,020, , , ,29.78, ,1, ,013, ,30.12, ,AA, , , ,30.12, 
94274,20111015,1053,12,OVC011, ,10.00, , , ,49, ,9.4, ,47, ,8.0, ,44, ,6.7, , 83, , 9, ,360, , , ,29.77, , , , , ,30.12, ,AA, , , ,30.11, 
94274,20111015,1153,12,OVC011, ,10.00, , , ,49, ,9.4, ,47, ,8.3, ,45, ,7.2, , 86, , 8, ,350, , , ,29.77, , , , , ,30.11, ,AA, , , ,30.11, 
94274,20111015,1253,12,BKN013, ,10.00, , , ,50, ,10.0, ,47, ,8.3, ,44, ,6.7, , 80, , 7, ,020, , , ,29.76, ,8, ,008, ,30.10, ,AA, , , ,30.10, 
94274,20111015,1353,12,BKN013, ,10.00, , , ,50, ,10.0, ,47, ,8.3, ,44, ,6.7, , 80, , 6, ,VR , , , ,29.74, , , , , ,30.09, ,AA, , , ,30.08, 
94274,20111015,1451,12,FEW015, ,10.00, , , ,52, ,11.0, ,49, ,9.1, ,45, ,7.0, , 77, , 5, ,070, , , ,29.73, , , , , ,M, ,SP, , , ,30.07, 
94274,20111015,1453,12,FEW015, ,10.00, , , ,51, ,10.6, ,48, ,8.6, ,44, ,6.7, , 77, , 6, ,VR , , , ,29.73, , , , , ,30.07, ,AA, , , ,30.07, 
94274,20111015,1553,12,FEW015, ,10.00, , , ,51, ,10.6, ,48, ,8.9, ,45, ,7.2, , 80, , 0, ,000, , , ,29.72, ,6, ,009, ,30.06, ,AA, , , ,30.06, 
94274,20111015,1653,12,CLR, ,10.00, , , ,51, ,10.6, ,48, ,8.9, ,45, ,7.2, , 80, , 0, ,000, , , ,29.70, , , , , ,30.04, ,AA, , , ,30.04, 
94274,20111015,1753,12,FEW090, ,10.00, , , ,49, ,9.4, ,47, ,8.0, ,44, ,6.7, , 83, , 0, ,000, , , ,29.70, , , , , ,30.04, ,AA, , , ,30.04, 
94274,20111015,1853,12,FEW095, ,10.00, , , ,48, ,8.9, ,46, ,7.8, ,44, ,6.7, , 86, , 0, ,000, , , ,29.71, ,5, ,003, ,30.05, ,AA, , , ,30.05, 
94274,20111015,1953,12,FEW090, ,10.00, , , ,48, ,8.9, ,47, ,8.0, ,45, ,7.2, , 89, , 3, ,040, , , ,29.71, , , , , ,30.06, ,AA, , , ,30.05, 
94274,20111015,2053,12,CLR, ,10.00, , , ,48, ,8.9, ,46, ,7.8, ,44, ,6.7, , 86, , 6, ,010, , , ,29.70, , , , , ,30.04, ,AA, , , ,30.04, 
94274,20111015,2153,12,FEW095, ,10.00, , , ,48, ,8.9, ,46, ,7.8, ,44, ,6.7, , 86, , 5, ,010, , , ,29.71, ,5, ,001, ,30.05, ,AA, , , ,30.05, 
94274,20111015,2253,12,FEW100, ,10.00, , , ,45, ,7.2, ,44, ,6.6, ,43, ,6.1, , 93, , 0, ,000, , , ,29.71, , , , , ,30.06, ,AA, , , ,30.05, 
94274,20111015,2353,12,FEW090, ,10.00, , , ,45, ,7.2, ,44, ,6.6, ,43, ,6.1, , 93, , 0, ,000, , , ,29.72, , , , , ,30.06, ,AA, , , ,30.06, 
94274,20111016,0033,12,BKN011, ,10.00, , , ,46, ,8.0, ,46, ,7.5, ,45, ,7.0, , 96, , 3, ,350, , , ,29.71, , , , , ,M, ,SP, , , ,30.05, 
94274,20111016,0053,12,BKN011, , 9.00, , , ,45, ,7.2, ,44, ,6.6, ,43, ,6.1, , 93, , 5, ,310, , , ,29.72, ,1, ,004, ,30.06, ,AA, , , ,30.06, 
94274,20111016,0143,12,OVC009, ,10.00, , , ,46, ,8.0, ,46, ,7.5, ,45, ,7.0, , 96, , 0, ,000, , , ,29.73, , , , , ,M, ,SP, , , ,30.07, 
94274,20111016,0153,12,OVC009, ,10.00, , , ,46, ,7.8, ,45, ,7.2, ,44, ,6.7, , 93, , 5, ,270, , , ,29.74, , , , , ,30.08, ,AA, , , ,30.08, 
94274,20111016,0208,12,BKN011 OVC014, ,10.00, , , ,46, ,8.0, ,46, ,7.5, ,45, ,7.0, , 96, , 3, ,300, , , ,29.74, , , , , ,M, ,SP, , , ,30.08, 
94274,20111016,0240,12,OVC009, ,10.00, , , ,46, ,8.0, ,46, ,7.5, ,45, ,7.0, , 96, , 0, ,000, , , ,29.74, , , , , ,M, ,SP, , , ,30.08, 
94274,20111016,0253,12,OVC009, ,10.00, , , ,46, ,7.8, ,45, ,7.2, ,44, ,6.7, , 93, , 0, ,000, , , ,29.74, , , , , ,30.08, ,AA, , , ,30.08, 
94274,20111016,0353,12,OVC009, ,10.00, , , ,46, ,7.8, ,45, ,7.2, ,44, ,6.7, , 93, , 0, ,000, , , ,29.74, ,1, ,008, ,30.09, ,AA, , , ,30.08, 
94274,20111016,0453,12,OVC009, ,10.00, , , ,46, ,7.8, ,45, ,7.2, ,44, ,6.7, , 93, , 3, ,290, , , ,29.75, , , , , ,30.09, ,AA, , , ,30.09, 
94274,20111016,0553,12,OVC009, ,10.00, , , ,47, ,8.3, ,46, ,7.7, ,45, ,7.2, , 93, , 3, ,290, , , ,29.76, , , , , ,30.11, ,AA, , , ,30.10, 
94274,20111016,0621,12,OVC011, ,10.00, , , ,46, ,8.0, ,46, ,7.5, ,45, ,7.0, , 96, , 0, ,000, , , ,29.77, , , , , ,M, ,SP, , , ,30.11, 
94274,20111016,0628,12,BKN009 OVC012, ,10.00, , , ,46, ,8.0, ,46, ,7.5, ,45, ,7.0, , 96, , 0, ,000, , , ,29.77, , , , , ,M, ,SP, , , ,30.11, 
94274,20111016,0651,12,OVC010, ,10.00, , , ,46, ,8.0, ,46, ,7.5, ,45, ,7.0, , 96, , 0, ,000, , , ,29.77, , , , , ,M, ,SP, , , ,30.11, 
94274,20111016,0653,12,OVC010, ,10.00, , , ,47, ,8.3, ,46, ,7.7, ,45, ,7.2, , 93, , 0, ,000, , , ,29.77, ,3, ,010, ,30.12, ,AA, , , ,30.11, 
94274,20111016,0753,12,BKN010, ,10.00, , , ,47, ,8.3, ,46, ,7.7, ,45, ,7.2, , 93, , 3, ,340, , , ,29.80, , , , , ,30.14, ,AA, , , ,30.14, 
94274,20111016,0853,12,BKN012, ,10.00, , , ,48, ,8.9, ,46, ,7.8, ,44, ,6.7, , 86, , 5, ,010, , , ,29.82, , , , , ,30.16, ,AA, , , ,30.16, 
94274,20111016,0953,12,OVC010, ,10.00, , , ,49, ,9.4, ,47, ,8.3, ,45, ,7.2, , 86, , 6, ,350, , , ,29.84, ,1, ,022, ,30.18, ,AA, , , ,30.18, 
94274,20111016,1053,12,BKN012 OVC017, ,10.00, , , ,50, ,10.0, ,47, ,8.3, ,44, ,6.7, , 80, , 6, ,350, , , ,29.86, , , , , ,30.21, ,AA, , , ,30.20, 
94274,20111016,1106,12,SCT014 BKN019, ,10.00, , , ,50, ,10.0, ,47, ,8.1, ,43, ,6.0, , 77, , 5, ,020, , , ,29.86, , , , , ,M, ,SP, , , ,30.20, 
94274,20111016,1153,12,OVC019, ,10.00, , , ,50, ,10.0, ,47, ,8.1, ,43, ,6.1, , 77, , 7, ,030, , , ,29.87, , , , , ,30.22, ,AA, , , ,30.21, 
94274,20111016,1253,12,OVC019, ,10.00, , , ,50, ,10.0, ,46, ,7.8, ,42, ,5.6, , 74, , 3, ,020, , , ,29.88, ,1, ,014, ,30.23, ,AA, , , ,30.22, 
94274,20111016,1353,12,OVC019, ,10.00, , , ,50, ,10.0, ,47, ,8.1, ,43, ,6.1, , 77, , 3, ,090, , , ,29.89, , , , , ,30.24, ,AA, , , ,30.23, 
94274,20111016,1453,12,OVC019, ,10.00, , , ,51, ,10.6, ,47, ,8.1, ,42, ,5.6, , 71, , 0, ,000, , , ,29.90, , , , , ,30.24, ,AA, , , ,30.24, 
94274,20111016,1553,12,BKN028, ,10.00, , , ,52, ,11.1, ,47, ,8.4, ,42, ,5.6, , 69, , 3, ,VR , , , ,29.91, ,3, ,011, ,30.26, ,AA, , , ,30.25, 
94274,20111016,1651,12,FEW090, ,10.00, , , ,52, ,11.0, ,48, ,8.6, ,43, ,6.0, , 72, , 0, ,000, , , ,29.92, , , , , ,M, ,SP, , , ,30.26, 
94274,20111016,1653,12,FEW090, ,10.00, , , ,51, ,10.6, ,47, ,8.1, ,42, ,5.6, , 71, , 0, ,000, , , ,29.92, , , , , ,30.26, ,AA, , , ,30.26, 
94274,20111016,1753,12,CLR, ,10.00, , , ,49, ,9.4, ,46, ,7.8, ,43, ,6.1, , 80, , 0, ,000, , , ,29.93, , , , , ,30.28, ,AA, , , ,30.27, 
94274,20111016,1853,12,FEW095, , 8.00, , , ,48, ,8.9, ,46, ,7.5, ,43, ,6.1, , 83, , 0, ,000, , , ,29.95, ,3, ,011, ,30.29, ,AA, , , ,30.29, 
94274,20111016,1953,12,FEW090, , 8.00, , , ,47, ,8.3, ,45, ,7.2, ,43, ,6.1, , 86, , 0, ,000, , , ,29.96, , , , , ,30.30, ,AA, , , ,30.30, 
94274,20111016,2053,12,FEW090, ,10.00, , , ,48, ,8.9, ,46, ,7.5, ,43, ,6.1, , 83, , 0, ,000, , , ,29.98, , , , , ,30.32, ,AA, , , ,30.32, 
94274,20111016,2153,12,CLR, , 8.00, , , ,46, ,7.8, ,45, ,6.9, ,43, ,6.1, , 89, , 0, ,000, , , ,29.98, ,1, ,013, ,30.33, ,AA, , , ,30.32, 
94274,20111016,2217,12,BKN024, , 7.00, , , ,45, ,7.0, ,44, ,6.6, ,43, ,6.0, , 93, , 0, ,000, , , ,29.99, , , , , ,M, ,SP, , , ,30.33, 
94274,20111016,2237,12,SCT024, , 6.00, ,BR, ,45, ,7.0, ,44, ,6.6, ,43, ,6.0, , 93, , 0, ,000, , , ,29.99, , , , , ,M, ,SP, , , ,30.33, 
94274,20111016,2251,12,BKN024, , 5.00, ,BR, ,45, ,7.0, ,44, ,6.6, ,43, ,6.0, , 93, , 0, ,000, , , ,29.99, , , , , ,M, ,SP, , , ,30.33, 
94274,20111016,2253,12,BKN024, , 5.00, ,BR, ,44, ,6.7, ,43, ,6.1, ,42, ,5.6, , 93, , 0, ,000, , , ,29.99, , , , , ,30.34, ,AA, , , ,30.33, 
94274,20111016,2353,12,OVC024, , 6.00, ,BR, ,46, ,7.8, ,45, ,7.2, ,44, ,6.7, , 93, , 0, ,000, , , ,30.00, , , , , ,30.34, ,AA, , , ,30.34, 
94274,20111017,0014,12,SCT024 SCT090, , 4.00, ,BR, ,45, ,7.0, ,45, ,7.2, ,45, ,7.0, ,100, , 0, ,000, , , ,30.00, , , , , ,M, ,SP, , , ,30.34, 
94274,20111017,0021,12,SCT001 SCT024, , 3.00, ,BR, ,46, ,8.0, ,46, ,7.5, ,45, ,7.0, , 96, , 0, ,000, , , ,30.00, , , , , ,M, ,SP, , , ,30.34, 
94274,20111017,0046,12,FEW001, , 1.75, ,BR, ,45, ,7.0, ,44, ,6.6, ,43, ,6.0, , 93, , 0, ,000, , , ,30.01, , , , , ,M, ,SP, , , ,30.35, 
94274,20111017,0053,12,FEW100, , 1.25, ,BR, ,44, ,6.7, ,44, ,6.4, ,43, ,6.1, , 96, , 0, ,000, , , ,30.01, ,3, ,007, ,30.35, ,AA, ,0.01, ,30.35, 
94274,20111017,0104,12,SCT021, , 0.25, ,FG, ,43, ,6.0, ,43, ,6.1, ,43, ,6.0, ,100, , 0, ,000, , , ,30.02, , , , , ,M, ,SP, , , ,30.36, 
94274,20111017,0111,12,VV014, , 0.25, ,FG, ,43, ,6.0, ,43, ,6.1, ,43, ,6.0, ,100, , 0, ,000, , , ,30.02, , , , , ,M, ,SP, , , ,30.36, 
94274,20111017,0119,12,VV009, , 0.50, ,FG, ,43, ,6.0, ,43, ,6.1, ,43, ,6.0, ,100, , 0, ,000, , , ,30.02, , , , , ,M, ,SP, , , ,30.36, 
94274,20111017,0122,12,SCT016, , 1.25, ,BR, ,43, ,6.0, ,43, ,6.1, ,43, ,6.0, ,100, , 0, ,000, , , ,30.03, , , , , ,M, ,SP, , , ,30.37, 
94274,20111017,0149,12,VV016, , 0.75, ,BR, ,45, ,7.0, ,45, ,7.2, ,45, ,7.0, ,100, , 0, ,000, , , ,30.03, , , , , ,M, ,SP, , , ,30.37, 
94274,20111017,0151,12,VV011, , 0.50, ,FG, ,45, ,7.0, ,45, ,7.2, ,45, ,7.0, ,100, , 0, ,000, , , ,30.04, , , , , ,M, ,SP, , , ,30.38, 
94274,20111017,0153,12,VV007, , 0.50, ,FG, ,45, ,7.2, ,45, ,6.9, ,44, ,6.7, , 96, , 0, ,000, , , ,30.04, , , , , ,30.38, ,AA, , , ,30.38, 
94274,20111017,0202,12,VV004, , 0.25, ,FG, ,45, ,7.0, ,45, ,7.2, ,45, ,7.0, ,100, , 0, ,000, , , ,30.04, , , , , ,M, ,SP, , , ,30.38, 
94274,20111017,0217,12,VV001, , 0.25, ,FG, ,45, ,7.0, ,45, ,7.2, ,45, ,7.0, ,100, , 0, ,000, , , ,30.04, , , , , ,M, ,SP, , , ,30.38, 
94274,20111017,0253,12,VV001, , 0.25, ,FG, ,44, ,6.7, ,44, ,6.6, ,44, ,6.7, ,100, , 0, ,000, , , ,30.05, , , , , ,30.40, ,AA, , , ,30.39, 
94274,20111017,0353,12,VV001, , 0.25, ,FG, ,44, ,6.7, ,44, ,6.4, ,43, ,6.1, , 96, , 0, ,000, , , ,30.07, ,1, ,021, ,30.41, ,AA, , , ,30.41, 
94274,20111017,0436,12,SCT001 OVC018, , 0.25, ,FG, ,45, ,7.0, ,45, ,7.2, ,45, ,7.0, ,100, , 0, ,000, , , ,30.07, , , , , ,M, ,SP, , , ,30.41, 
94274,20111017,0444,12,SCT001 OVC018, , 0.50, ,FG, ,45, ,7.0, ,45, ,7.2, ,45, ,7.0, ,100, , 0, ,000, , , ,30.07, , , , , ,M, ,SP, , , ,30.41, 
94274,20111017,0453,12,SCT001 OVC018, , 0.75, ,BR, ,45, ,7.2, ,45, ,6.9, ,44, ,6.7, , 96, , 3, ,310, , , ,30.08, , , , , ,30.42, ,AA, , , ,30.42, 
94274,20111017,0503,12,BKN001 OVC018, , 0.50, ,FG, ,45, ,7.0, ,45, ,7.2, ,45, ,7.0, ,100, , 0, ,000, , , ,30.07, , , , , ,M, ,SP, , , ,30.41, 
94274,20111017,0548,12,BKN001 OVC020, , 1.75, ,BR, ,45, ,7.0, ,45, ,7.2, ,45, ,7.0, ,100, , 0, ,000, , , ,30.07, , , , , ,M, ,SP, , , ,30.41, 
94274,20111017,0551,12,BKN001 BKN020 OVC027, , 3.00, ,BR, ,45, ,7.0, ,45, ,7.2, ,45, ,7.0, ,100, , 0, ,000, , , ,30.08, , , , , ,M, ,SP, , , ,30.42, 
94274,20111017,0553,12,BKN001 BKN020 OVC027, , 3.00, ,BR, ,45, ,7.2, ,45, ,6.9, ,44, ,6.7, , 96, , 3, ,080, , , ,30.08, , , , , ,30.42, ,AA, , , ,30.42, 
94274,20111017,0640,12,BKN001, , 2.00, ,BR, ,45, ,7.0, ,45, ,7.2, ,45, ,7.0, ,100, , 0, ,000, , , ,30.08, , , , , ,M, ,SP, , , ,30.42, 
94274,20111017,0651,12,SCT001, , 2.50, ,BR, ,45, ,7.0, ,44, ,6.7, ,43, ,6.0, , 93, , 0, ,000, , , ,30.08, , , , , ,M, ,SP, , , ,30.42, 
94274,20111017,0653,12,SCT001, , 2.50, , , ,44, ,6.7, ,44, ,6.4, ,43, ,6.1, , 96, , 0, ,000, , , ,30.08, ,3, ,000, ,30.42, ,AA, , , ,30.42, 
94274,20111017,0653,12,SCT, ,M, , , ,45, ,7.0, ,M, ,M, ,43, ,6.0, ,M, , 0, ,000, , , ,M, ,3, ,004, ,30.42, ,SP, , , ,30.42, 
94274,20111017,0702,12,CLR, , 6.00, ,BR, ,43, ,6.0, ,43, ,6.1, ,43, ,6.0, ,100, , 0, ,000, , , ,30.08, , , , , ,M, ,SP, , , ,30.42, 
94274,20111017,0753,12,CLR, , 6.00, ,BR, ,46, ,7.8, ,45, ,6.9, ,43, ,6.1, , 89, , 0, ,000, , , ,30.09, , , , , ,30.43, ,AA, , , ,30.43, 
94274,20111017,0853,12,SCT010, ,10.00, , , ,49, ,9.4, ,47, ,8.3, ,45, ,7.2, , 86, , 0, ,000, , , ,30.09, , , , , ,30.43, ,AA, , , ,30.43, 
94274,20111017,0951,12,SCT007, , 8.00, , , ,52, ,11.0, ,49, ,9.4, ,46, ,8.0, , 80, , 0, ,000, , , ,30.08, , , , , ,M, ,SP, , , ,30.42, 
94274,20111017,0953,12,SCT007, , 8.00, , , ,52, ,11.1, ,49, ,9.4, ,46, ,7.8, , 80, , 0, ,000, , , ,30.08, ,8, ,000, ,30.42, ,AA, , , ,30.42, 
94274,20111017,1053,12,SCT009, ,10.00, , , ,53, ,11.7, ,49, ,9.1, ,44, ,6.7, , 72, , 7, ,350, , , ,30.09, , , , , ,30.43, ,AA, , , ,30.43, 
94274,20111017,1153,12,CLR, ,10.00, , , ,55, ,12.8, ,50, ,9.7, ,44, ,6.7, , 67, ,10, ,360, , , ,30.07, , , , , ,30.41, ,AA, , , ,30.41, 
94274,20111017,1253,12,CLR, ,10.00, , , ,56, ,13.3, ,50, ,9.9, ,44, ,6.7, , 64, , 9, ,360, , , ,30.05, ,8, ,009, ,30.40, ,AA, , , ,30.39, 
94274,20111017,1353,12,CLR, ,10.00, , , ,57, ,13.9, ,50, ,9.7, ,42, ,5.6, , 57, , 9, ,360, , , ,30.03, , , , , ,30.38, ,AA, , , ,30.37, 
94274,20111017,1453,12,CLR, ,10.00, , , ,58, ,14.4, ,50, ,10.2, ,43, ,6.1, , 58, ,11, ,360, , , ,30.02, , , , , ,30.37, ,AA, , , ,30.36, 
94274,20111017,1553,12,CLR, ,10.00, , , ,57, ,13.9, ,49, ,9.3, ,40, ,4.4, , 53, ,14, ,350, , , ,30.01, ,6, ,014, ,30.35, ,AA, , , ,30.35, 
94274,20111017,1653,12,FEW090, ,10.00, , , ,55, ,12.8, ,49, ,9.4, ,43, ,6.1, , 64, , 9, ,350, , , ,29.99, , , , , ,30.33, ,AA, , , ,30.33, 
94274,20111017,1753,12,FEW090, ,10.00, , , ,53, ,11.7, ,48, ,8.9, ,43, ,6.1, , 69, , 9, ,340, , , ,29.99, , , , , ,30.33, ,AA, , , ,30.33, 
94274,20111017,1853,12,CLR, ,10.00, , , ,52, ,11.1, ,48, ,8.9, ,44, ,6.7, , 74, , 9, ,360, , , ,29.99, ,6, ,008, ,30.33, ,AA, , , ,30.33, 
94274,20111017,1953,12,FEW095, ,10.00, , , ,52, ,11.1, ,48, ,8.6, ,43, ,6.1, , 72, , 7, ,360, , , ,29.98, , , , , ,30.33, ,AA, , , ,30.32, 
94274,20111017,2053,12,CLR, ,10.00, , , ,49, ,9.4, ,46, ,7.8, ,43, ,6.1, , 80, , 0, ,000, , , ,29.99, , , , , ,30.34, ,AA, , , ,30.33, 
94274,20111017,2153,12,FEW095, ,10.00, , , ,50, ,10.0, ,47, ,8.3, ,44, ,6.7, , 80, ,13, ,360, , , ,29.97, ,8, ,006, ,30.31, ,AA, , , ,30.31, 
94274,20111017,2253,12,CLR, ,10.00, , , ,50, ,10.0, ,48, ,8.8, ,46, ,7.8, , 86, , 3, ,VR , , , ,29.97, , , , , ,30.32, ,AA, , , ,30.31, 
94274,20111017,2353,12,CLR, ,10.00, , , ,50, ,10.0, ,47, ,8.3, ,44, ,6.7, , 80, , 8, ,010, , , ,29.96, , , , , ,30.30, ,AA, , , ,30.30, 
94274,20111018,0053,12,CLR, ,10.00, , , ,50, ,10.0, ,48, ,8.6, ,45, ,7.2, , 83, , 5, ,030, , , ,29.94, ,8, ,010, ,30.28, ,AA, , , ,30.28, 
94274,20111018,0153,12,FEW090, ,10.00, , , ,49, ,9.4, ,47, ,8.3, ,45, ,7.2, , 86, ,11, ,020, , , ,29.94, , , , , ,30.27, ,AA, , , ,30.28, 
94274,20111018,0253,12,FEW090, ,10.00, , , ,49, ,9.4, ,47, ,8.3, ,45, ,7.2, , 86, ,11, ,010, , , ,29.92, , , , , ,30.26, ,AA, , , ,30.26, 
94274,20111018,0353,12,CLR, ,10.00, , , ,49, ,9.4, ,48, ,8.6, ,46, ,7.8, , 89, ,10, ,010, , , ,29.90, ,8, ,014, ,30.24, ,AA, , , ,30.24, 
94274,20111018,0453,12,FEW090, ,10.00, , , ,48, ,8.9, ,47, ,8.0, ,45, ,7.2, , 89, , 3, ,020, , , ,29.89, , , , , ,30.23, ,AA, , , ,30.23, 
94274,20111018,0553,12,FEW095, ,10.00, , , ,48, ,8.9, ,47, ,8.0, ,45, ,7.2, , 89, , 9, ,010, , , ,29.87, , , , , ,30.22, ,AA, , , ,30.21, 
94274,20111018,0635,12,SCT005, , 8.00, , , ,48, ,9.0, ,47, ,8.3, ,46, ,8.0, , 93, , 8, ,010, , , ,29.86, , , , , ,M, ,SP, , , ,30.20, 
94274,20111018,0645,12,BKN005, , 7.00, , , ,48, ,9.0, ,47, ,8.3, ,46, ,8.0, , 93, ,10, ,020, ,18, ,29.86, , , , , ,M, ,SP, , , ,30.20, 
94274,20111018,0653,12,BKN005, , 7.00, , , ,48, ,8.9, ,47, ,8.3, ,46, ,7.8, , 93, ,10, ,020, , , ,29.86, ,8, ,014, ,30.20, ,AA, , , ,30.20, 
94274,20111018,0714,12,SCT005, , 7.00, , , ,48, ,9.0, ,47, ,8.3, ,46, ,8.0, , 93, ,10, ,010, ,18, ,29.86, , , , , ,M, ,SP, , , ,30.20, 
94274,20111018,0753,12,FEW010, ,10.00, , , ,49, ,9.4, ,48, ,8.8, ,47, ,8.3, , 93, ,11, ,010, , , ,29.85, , , , , ,30.19, ,AA, , , ,30.19, 
94274,20111018,0853,12,CLR, ,10.00, , , ,51, ,10.6, ,49, ,9.1, ,46, ,7.8, , 83, ,10, ,010, , , ,29.84, , , , , ,30.18, ,AA, , , ,30.18, 
94274,20111018,0953,12,CLR, ,10.00, , , ,54, ,12.2, ,49, ,9.7, ,45, ,7.2, , 72, , 9, ,360, , , ,29.81, ,8, ,017, ,30.15, ,AA, , , ,30.15, 
94274,20111018,1053,12,CLR, ,10.00, , , ,58, ,14.4, ,51, ,10.4, ,44, ,6.7, , 60, , 9, ,010, , , ,29.78, , , , , ,30.12, ,AA, , , ,30.12, 
94274,20111018,1153,12,CLR, ,10.00, , , ,60, ,15.6, ,52, ,11.0, ,44, ,6.7, , 56, ,11, ,360, , , ,29.75, , , , , ,30.09, ,AA, , , ,30.09, 
94274,20111018,1253,12,CLR, ,10.00, , , ,62, ,16.7, ,53, ,11.5, ,44, ,6.7, , 52, , 9, ,360, , , ,29.73, ,6, ,027, ,30.06, ,AA, , , ,30.07, 
94274,20111018,1353,12,CLR, ,10.00, , , ,65, ,18.3, ,54, ,11.9, ,43, ,6.1, , 45, , 6, ,020, , , ,29.70, , , , , ,30.04, ,AA, , , ,30.04, 
94274,20111018,1453,12,CLR, ,10.00, , , ,65, ,18.3, ,53, ,11.7, ,42, ,5.6, , 43, , 6, ,020, , , ,29.69, , , , , ,30.03, ,AA, , , ,30.03, 
94274,20111018,1553,12,CLR, ,10.00, , , ,64, ,17.8, ,54, ,12.2, ,45, ,7.2, , 50, , 5, ,010, , , ,29.67, ,6, ,019, ,30.01, ,AA, , , ,30.01, 
94274,20111018,1653,12,FEW090, ,10.00, , , ,60, ,15.6, ,53, ,11.7, ,47, ,8.3, , 62, , 5, ,030, , , ,29.65, , , , , ,29.99, ,AA, , , ,29.99, 
94274,20111018,1753,12,FEW090, ,10.00, , , ,56, ,13.3, ,51, ,10.4, ,46, ,7.8, , 69, , 5, ,360, , , ,29.65, , , , , ,29.99, ,AA, , , ,29.99, 
94274,20111018,1853,12,FEW090, ,10.00, , , ,55, ,12.8, ,50, ,10.2, ,46, ,7.8, , 72, , 0, ,000, , , ,29.64, ,6, ,009, ,29.98, ,AA, , , ,29.98, 
94274,20111018,1953,12,FEW095, ,10.00, , , ,55, ,12.8, ,50, ,9.9, ,45, ,7.2, , 69, , 0, ,000, , , ,29.63, , , , , ,29.97, ,AA, , , ,29.97, 
94274,20111018,2053,12,FEW095, ,10.00, , , ,53, ,11.7, ,49, ,9.7, ,46, ,7.8, , 77, , 0, ,000, , , ,29.62, , , , , ,29.96, ,AA, , , ,29.96, 
94274,20111018,2153,12,FEW095, ,10.00, , , ,52, ,11.1, ,49, ,9.4, ,46, ,7.8, , 80, , 0, ,000, , , ,29.62, ,6, ,009, ,29.95, ,AA, , , ,29.96, 
94274,20111018,2253,12,CLR, ,10.00, , , ,50, ,10.0, ,48, ,8.6, ,45, ,7.2, , 83, , 0, ,000, , , ,29.60, , , , , ,29.94, ,AA, , , ,29.94, 
94274,20111018,2353,12,FEW090, ,10.00, , , ,50, ,10.0, ,48, ,8.6, ,45, ,7.2, , 83, , 0, ,000, , , ,29.59, , , , , ,29.93, ,AA, , , ,29.93, 
94274,20111019,0053,12,FEW100, ,10.00, , , ,50, ,10.0, ,48, ,8.8, ,46, ,7.8, , 86, , 0, ,000, , , ,29.58, ,6, ,010, ,29.92, ,AA, , , ,29.92, 
94274,20111019,0153,12,FEW110, ,10.00, , , ,50, ,10.0, ,48, ,8.8, ,46, ,7.8, , 86, , 0, ,000, , , ,29.58, , , , , ,29.92, ,AA, , , ,29.92, 
94274,20111019,0253,12,BKN110, ,10.00, , , ,48, ,8.9, ,47, ,8.3, ,46, ,7.8, , 93, , 0, ,000, , , ,29.59, , , , , ,29.93, ,AA, , , ,29.93, 
94274,20111019,0353,12,FEW100 SCT120, ,10.00, , , ,49, ,9.4, ,48, ,8.8, ,47, ,8.3, , 93, , 0, ,000, , , ,29.59, ,3, ,002, ,29.93, ,AA, , , ,29.93, 
94274,20111019,0453,12,CLR, , 9.00, , , ,47, ,8.3, ,47, ,8.0, ,46, ,7.8, , 96, , 0, ,000, , , ,29.59, , , , , ,29.93, ,AA, , , ,29.93, 
94274,20111019,0520,12,SCT001, , 8.00, , , ,48, ,9.0, ,47, ,8.3, ,46, ,8.0, , 93, , 3, ,240, , , ,29.60, , , , , ,M, ,SP, , , ,29.94, 
94274,20111019,0529,12,BKN001, , 7.00, , , ,48, ,9.0, ,48, ,8.8, ,48, ,9.0, ,100, , 5, ,260, , , ,29.60, , , , , ,M, ,SP, , , ,29.94, 
94274,20111019,0553,12,BKN001 OVC100, , 2.50, ,BR, ,49, ,9.4, ,48, ,9.1, ,48, ,8.9, , 96, , 0, ,000, , , ,29.61, , , , , ,29.94, ,AA, , , ,29.95, 
94274,20111019,0605,12,BKN001 BKN100, , 4.00, ,BR, ,48, ,9.0, ,48, ,8.8, ,48, ,9.0, ,100, , 0, ,000, , , ,29.61, , , , , ,M, ,SP, , , ,29.95, 
94274,20111019,0613,12,BKN001 BKN012, , 1.75, ,BR, ,48, ,9.0, ,48, ,8.8, ,48, ,9.0, ,100, , 0, ,000, , , ,29.60, , , , , ,M, ,SP, , , ,29.94, 
94274,20111019,0623,12,BKN001 OVC012, , 0.50, ,FG, ,48, ,9.0, ,48, ,8.8, ,48, ,9.0, ,100, , 0, ,000, , , ,29.60, , , , , ,M, ,SP, , , ,29.94, 
94274,20111019,0628,12,SCT001 BKN012, , 1.00, ,BR, ,48, ,9.0, ,48, ,8.8, ,48, ,9.0, ,100, , 0, ,000, , , ,29.61, , , , , ,M, ,SP, , , ,29.95, 
94274,20111019,0634,12,BKN001 BKN012, , 0.75, ,BR, ,48, ,9.0, ,47, ,8.3, ,46, ,8.0, , 93, , 0, ,000, , , ,29.61, , , , , ,M, ,SP, , , ,29.95, 
94274,20111019,0645,12,BKN001 BKN010, , 0.25, ,FG, ,46, ,8.0, ,46, ,7.7, ,46, ,8.0, ,100, , 0, ,000, , , ,29.62, , , , , ,M, ,SP, , , ,29.96, 
94274,20111019,0653,12,BKN001 BKN010, , 0.75, ,BR, ,47, ,8.3, ,47, ,8.0, ,46, ,7.8, , 96, , 0, ,000, , , ,29.62, ,3, ,009, ,29.96, ,AA, , , ,29.96, 
94274,20111019,0656,12,VV006, , 0.75, ,BR, ,46, ,8.0, ,46, ,7.7, ,46, ,8.0, ,100, , 3, ,VR , , , ,29.62, , , , , ,M, ,SP, , , ,29.96, 
94274,20111019,0705,12,SCT001 SCT008, , 3.00, ,BR, ,46, ,8.0, ,46, ,7.7, ,46, ,8.0, ,100, , 5, ,180, , , ,29.62, , , , , ,M, ,SP, , , ,29.96, 
94274,20111019,0753,12,SCT001 SCT008, , 3.00, ,BR, ,49, ,9.4, ,49, ,9.4, ,49, ,9.4, ,100, , 8, ,190, , , ,29.64, , , , , ,29.98, ,AA, , , ,29.98, 
94274,20111019,0853,12,FEW003, ,10.00, , , ,51, ,10.6, ,50, ,9.9, ,49, ,9.4, , 93, , 7, ,150, , , ,29.65, , , , , ,30.00, ,AA, , , ,29.99, 
94274,20111019,0953,12,SCT023 SCT060, ,10.00, , , ,55, ,12.8, ,52, ,11.3, ,50, ,10.0, , 83, , 3, ,VR , , , ,29.67, ,1, ,016, ,30.01, ,AA, , , ,30.01, 
94274,20111019,1053,12,FEW023 OVC060, ,10.00, , , ,56, ,13.3, ,53, ,11.5, ,50, ,10.0, , 80, , 7, ,190, , , ,29.68, , , , , ,30.02, ,AA, , , ,30.02, 
94274,20111019,1106,12,FEW023 OVC044, ,10.00, , , ,55, ,13.0, ,52, ,11.3, ,50, ,10.0, , 83, , 6, ,190, , , ,29.68, , , , , ,M, ,SP, , , ,30.02, 
94274,20111019,1153,12,FEW033 OVC044, ,10.00, , , ,57, ,13.9, ,53, ,11.5, ,49, ,9.4, , 75, , 9, ,200, , , ,29.69, , , , , ,30.03, ,AA, , , ,30.03, 
94274,20111019,1253,12,SCT034 OVC043, ,10.00, , , ,56, ,13.3, ,53, ,11.5, ,50, ,10.0, , 80, , 9, ,190, , , ,29.69, , , , , ,30.03, ,AA, , , ,30.03, 
